TABLE 6,Unnamed: 1,Unnamed: 2,Unnamed: 3,Unnamed: 4,Unnamed: 5,Unnamed: 6,Unnamed: 7,Unnamed: 8,Unnamed: 9,Unnamed: 10,Unnamed: 11,Unnamed: 12,Unnamed: 13,Unnamed: 14,Unnamed: 15,Unnamed: 16,Unnamed: 17
OIL FUND LEVIED ON PETROLEUM PRODUCTS,,,,,,,,,,,,,,,,,
,,,,,,,,,,,,,,," UNIT: Baht/Litre",,
,OIL FUND,,,,,,,,,,,,,,,,
DATE,ULG,UGR,GASOHOL 95,,,GASOHOL 91,KI,HSD **,HSD **,HSD,HSD,LSD,FO,,LPG (B/Kg),,
,,,(E10),(E20),(E85),,,B7,,B20,B5,,(1500),LOW INCOME,COOKING,INDUSTRY,AUTOBILE
,,,,,,,,,,,,,,HOUSEHOLD,,,
2003,,,,,,,,,,,,,,,,,
AUG-4,0.5,0.3,0.27,,,,0.1,0.5,,,,0.5,0.06,,-2.4456,,
AUG-11,0.5,0.3,0.27,,,,0.1,0.5,,,,0.5,0.06,,-2.4447,,
AUG-18,0.5,0.3,0.27,,,,0.1,0.5,,,,0.5,0.06,,-2.39,,
AUG-25,0.5,0.3,0.27,,,,0.1,0.5,,,,0.5,0.06,,-2.3476,,
AVG,0.5,0.30000000000000004,0.27,,,,0.10000000000000002,0.5,,,,0.5,0.06,,-2.4071709677419357,,
SEP-1,0.5,0.3,0.27,,,,0.1,0.5,,,,0.5,0.06,,-2.2683,,
SEP-8,0.5,0.3,0.27,,,,0.1,0.5,,,,0.5,0.06,,-2.333,,
SEP-15,0.5,0.3,0.27,,,,0.1,0.5,,,,0.5,0.06,,-2.2598,,
SEP-22,0.5,0.3,0.27,,,,0.1,0.5,,,,0.5,0.06,,-2.2422,,
SEP-29,0.5,0.3,0.27,,,,0.1,0.5,,,,0.5,0.06,,-2.117,,
AVG,0.5,0.30000000000000004,0.27,,,,0.10000000000000002,0.5,,,,0.5,0.06,,-2.2652366666666666,,
OCT-6,0.5,0.3,0.27,,,,0.1,0.5,,,,0.5,0.06,,-1.4657,,
OCT-13,0.5,0.3,0.27,,,,0.1,0.5,,,,0.5,0.06,,-1.3565,,
OCT-20,0.5,0.3,0.27,,,,0.1,0.5,,,,0.5,0.06,,-1.4327,,
OCT-27,0.5,0.3,0.27,,,,0.1,0.5,,,,0.5,0.06,,-1.4798,,
AVG,0.5,0.30000000000000004,0.27,,,,0.10000000000000002,0.5,,,,0.5,0.06,,-1.5409129032258067,,
NOV-3,0.5,0.3,0.27,,,,0.1,0.5,,,,0.5,0.06,,-2.3686,,
NOV-10,0.5,0.3,0.27,,,,0.1,0.5,,,,0.5,0.06,,-2.3609,,
NOV-17,0.5,0.3,0.27,,,,0.1,0.5,,,,0.5,0.06,,-2.3606,,
NOV-24,0.5,0.3,0.27,,,,0.1,0.5,,,,0.5,0.06,,-2.3595,,
AVG,0.5,0.3,0.2700000000000001,,,,0.10000000000000002,0.5,,,,0.5,0.05999999999999999,,-2.3035599999999996,,
DEC-1,0.5,0.3,0.27,,,,0.1,0.5,,,,0.5,0.06,,-2.3605,,
DEC-5,0.5,0.3,0.27,,,,0.1,0.5,,,,0.5,0.06,,-1.42,,
DEC-8,0.5,0.3,0.27,,,,0.1,0.5,,,,0.5,0.06,,-2.7078,,
DEC-15,0.5,0.3,0.27,,,,0.1,0.5,,,,0.5,0.06,,-2.6768,,
DEC-22,0.5,0.3,0.27,,,,0.1,0.5,,,,0.5,0.06,,-2.6303,,
DEC-29,0.5,0.3,0.27,,,,0.1,0.5,,,,0.5,0.06,,-2.6191,,
AVG,0.5,0.3,0.27,,,,0.10000000000000002,0.5,,,,0.5,0.06,,-2.505277419354839,,
2004,,,,,,,,,,,,,,,,,
JAN-5,0.5,0.3,0.27,,,,0.1,0.5,,,,0.5,0.06,,-2.9353,,
JAN-12,0.5,0.3,0.27,,,,0.1,0.5,,,,0.5,0.06,,-2.7959,,
JAN-29,0.5,0.3,0.27,,,,0.1,0.5,,,,0.5,0.06,,-2.7387,,
JAN-26,0.5,0.3,0.27,,,,0.1,0.5,,,,0.5,0.06,,-2.7618,,
AVG,0.5,0.30000000000000004,0.27,,,,0.10000000000000002,0.5,,,,0.5,0.06,,-2.7850483870967744,,
FEB-2,0.5,0.3,0.27,,,,0.1,0.5,,,,0.5,0.06,,-3.2128,,
FEB-9,0.5,0.3,0.27,,,,0.1,0.5,,,,0.5,0.06,,-3.1811,,
FEB-16,0.5,0.3,0.27,,,,0.1,0.5,,,,0.5,0.06,,-3.1282,,
FEB-23,0.5,0.3,0.27,,,,0.1,0.5,,,,0.5,0.06,,-3.1546,,
AVG,0.5,0.3,0.2700000000000001,,,,0.1,0.5,,,,0.5,0.05999999999999999,,-3.1551275862068966,,
MAR-1,0.5,0.3,0.27,,,,0.1,0.5,,,,0.5,0.06,,-3.2249,,
MAR-8,0.5,0.3,0.27,,,,0.1,0.5,,,,0.5,0.06,,-0.6894,,
MAR-15,0.5,0.3,0.27,,,,0.1,0.5,,,,0.5,0.06,,-0.7019,,
MAR-22,0.5,0.3,0.27,,,,0.1,0.5,,,,0.5,0.06,,-0.7093,,
MAR-29,0.5,0.3,0.27,,,,0.1,0.5,,,,0.5,0.06,,-0.7275,,
AVG,0.5,0.30000000000000004,0.27,,,,0.10000000000000002,0.5,,,,0.5,0.06,,-1.2729354838709677,,
APR-5,0.5,0.3,0.27,,,,0.1,0.5,,,,0.5,0.06,,-1.7472,,
APR-12,0.5,0.3,0.27,,,,0.1,0.5,,,,0.5,0.06,,-1.6745,,
APR-19,0.5,0.3,0.27,,,,0.1,0.5,,,,0.5,0.06,,-1.7269,,
APR-26,0.5,0.3,0.27,,,,0.1,0.5,,,,0.5,0.06,,-1.7722,,
AVG,0.5,0.3,0.26999999999999996,,,,0.10000000000000002,0.5,,,,0.5,0.05999999999999999,,-1.6664313978494623,,
MAY-3,0.5,0.3,0.27,,,,0.1,0.5,,,,0.5,0.06,,-2.9378,,
MAY-10,0.5,0.3,0.27,,,,0.1,0.5,,,,0.5,0.06,,-2.0414,,
MAY-17,0.5,0.3,0.27,,,,0.1,0.5,,,,0.5,0.06,,-2.2509,,
MAY-24,0.5,0.3,0.27,,,,0.1,0.5,,,,0.5,0.06,,-2.307,,
MAY-31,0.5,0.3,0.27,,,,0.1,0.5,,,,0.5,0.06,,-2.2891,,
AVG,0.5,0.30000000000000004,0.27,,,,0.10000000000000002,0.5,,,,0.5,0.06,,-2.3417161290322586,,
JUN-7,0.5,0.3,0.27,,,,0.1,0.5,,,,0.5,0.06,,-2.7567,,
JUN-14,0.5,0.3,0.27,,,,0.1,0.5,,,,0.5,0.06,,-2.7507,,
JUN-21,0.5,0.3,0.27,,,,0.1,0.5,,,,0.5,0.06,,-2.848,,
JUN-28,0.5,0.3,0.27,,,,0.1,0.5,,,,0.5,0.06,,-2.851,,
AVG,0.5,0.3,0.2700000000000001,,,,0.10000000000000003,0.5,,,,0.5,0.05999999999999999,,-2.692513333333333,,
JUL-5,0.5,0.3,0.27,,,,0.1,0.5,,,,0.5,0.06,,-2.5105,,
JUL-12,0.5,0.3,0.27,,,,0.1,0.5,,,,0.5,0.06,,-2.479,,
JUL-19,0.5,0.3,0.27,,,,0.1,0.5,,,,0.5,0.06,,-2.4761,,
JUL-26,0.5,0.3,0.27,,,,0.1,0.5,,,,0.5,0.06,,-2.5139,,
AVG,0.5,0.30000000000000004,0.27,,,,0.10000000000000002,0.5,,,,0.5,0.06,,-2.5402129032258065,,
AUG-2,0.5,0.3,0.27,,,,0.1,0.5,,,,0.5,0.06,,-2.9714,,
AUG-9,0.5,0.3,0.27,,,,0.1,0.5,,,,0.5,0.06,,-3.0055,,
AUG-16,0.5,0.3,0.27,,,,0.1,0.5,,,,0.5,0.06,,-3.0175,,
AUG-23,0.5,0.3,0.27,,,,0.1,0.5,,,,0.5,0.06,,-3.0302,,
AUG-30,0.5,0.3,0.27,,,,0.1,0.5,,,,0.5,0.06,,-3.0477,,
AVG,0.5,0.3,0.27,,,,0.10000000000000002,0.5,,,,0.5,0.06,,-2.9929516129032256,,
SEP-6,0.5,0.3,0.27,,,,0.1,0.5,,,,0.5,0.06,,-3.06744,,
SEP-13,0.5,0.3,0.27,,,,0.1,0.5,,,,0.5,0.06,,-3.0711,,
SEP-20,0.5,0.3,0.27,,,,0.1,0.5,,,,0.5,0.06,,-2.9852,,
SEP-27,0.5,0.3,0.27,,,,0.1,0.5,,,,0.5,0.06,,-2.9865,,
AVG,0.5,0.3,0.2700000000000001,,,,0.10000000000000002,0.5,,,,0.5,0.05999999999999999,,-3.035022666666666,,
OCT-4,0.5,0.3,0.27,,,,0.1,0.5,,,,0.5,0.06,,-3.0349,,
OCT-11,0.5,0.3,0.27,,,,0.1,0.5,,,,0.5,0.06,,-3.0021,,
OCT-18,0.5,0.3,0.27,,,,0.1,0.5,,,,0.5,0.06,,-2.9919,,
OCT-25,0.5,0.3,0.27,,,,0.1,0.5,,,,0.5,0.06,,-2.9935,,
AVG,0.5,0.3,0.27,,,,0.10000000000000002,0.5,,,,0.5,0.06,,-3.009674193548387,,
NOV-1,0.5,0.3,0.04,,,,0.1,0.5,,,,0.5,0.06,,-2.8914,,
NOV-8,0.5,0.3,0.04,,,,0.1,0.5,,,,0.5,0.06,,-2.8895,,
NOV-15,0.5,0.3,0.04,,,,0.1,0.5,,,,0.5,0.06,,-2.7798,,
NOV-22,0.5,0.3,0.04,,,,0.1,0.5,,,,0.5,0.06,,-2.6443,,
NOV-29,0.5,0.3,0.04,,,,0.1,0.5,,,,0.5,0.06,,-2.4707,,
AVG,0.5,0.3,0.04000000000000001,,,,0.10000000000000002,0.5,,,,0.5,0.05999999999999999,,-2.7792133333333333,,
DEC-6,0.5,0.3,0.04,,,,0.1,0.5,,,,0.5,0.06,,-2.3726,,
DEC-13,0.5,0.3,0.04,,,,0.1,0.5,,,,0.5,0.06,,-2.3416,,
DEC-17,0.7,0.5,0.24,,,,0.1,0.5,,,,0.5,0.06,,-2.3416,,
DEC-20,0.7,0.5,0.24,,,,0.1,0.5,,,,0.5,0.06,,-2.3702,,
DEC-27,0.7,0.5,0.24,,,,0.1,0.5,,,,0.5,0.06,,-2.2653,,
DEC-29,1,0.8,0.54,,,,0.1,0.5,,,,0.5,0.06,,-2.2653,,
AVG,0.6258064516129032,0.42580645161290326,0.16580645161290325,,,,0.10000000000000002,0.5,,,,0.5,0.05999999999999999,,-2.363574193548387,,
2005,,,,,,,,,,,,,,,,,
JAN-3,1,0.8,0.54,,,,0.1,0.5,,,,0.5,0.06,,-2.2711,,
JAN-10,1,0.8,0.54,,,,0.1,0.5,,,,0.5,0.06,,-2.2816,,
JAN-17,1,0.8,0.54,,,,0.1,0.5,,,,0.5,0.06,,-2.2365,,
JAN-18,0.75,0.55,0.29,,,,0.1,0.5,,,,0.5,0.06,,-2.2365,,
JAN-24,0.75,0.55,0.29,,,,0.1,0.5,,,,0.5,0.06,,-2.0976,,
JAN-28,0.5,0.3,0.04,,,,0.1,0.5,,,,0.5,0.06,,-2.0976,,
JAN-31,0.5,0.3,0.04,,,,0.1,0.5,,,,0.5,0.06,,-2.0897,,
AVG,0.8548387096774194,0.6548387096774194,0.3948387096774193,,,,0.1,0.5,,,,0.5,0.06,,-2.2202548387096774,,
FAB-7,0.5,0.3,0.04,,,,0.1,0.5,,,,0.5,0.06,,-2.1024,,
FAB-14,0.5,0.3,0.04,,,,0.1,0.5,,,,0.5,0.06,,-2.0848,,
FAB-21,0.5,0.3,0.04,,,,0.1,0.5,,,,0.5,0.06,,-2.0827,,
FAB-28,0.5,0.3,0.04,,,,0.1,0.5,,,,0.5,0.06,,-2.0829,,
AVG,0.5,0.3,0.04,,,,0.10000000000000002,0.5,,,,0.5,0.06,,-2.089657142857143,,
MAR-7,0.5,0.3,0.04,,,,0.1,0.5,,,,0.5,0.06,,-2.0503,,
MAR-14,0.5,0.3,0.04,,,,0.1,0.5,,,,0.5,0.06,,-2.0336,,
MAR-21,0.5,0.3,0.04,,,,0.1,0.5,,,,0.5,0.06,,-2.0663,,
MAR-28,0.5,0.3,0.04,,,,0.1,0.5,,,,0.5,0.06,,-2.1543,,
AVG,0.5,0.3,0.04,,,,0.10000000000000002,0.5,,,,0.5,0.06,,-2.0698709677419354,,
APR-4,0.5,0.3,0.04,,,,0.1,0.5,,,,0.5,0.06,,-2.3146,,
APR-11,0.5,0.3,0.04,,,,0.1,0.5,,,,0.5,0.06,,-2.4208,,
APR-18,0.5,0.3,0.04,,,,0.1,0.5,,,,0.5,0.06,,-2.4519,,
APR-23,0.55,0.35,0.04,,,,0.1,0.5,,,,0.5,0.06,,-2.4519,,
APR-25,0.55,0.35,0.04,,,,0.1,0.5,,,,0.5,0.06,,-2.4043,,
APR-30,0.65,0.45,0.04,,,,0.1,0.5,,,,0.5,0.06,,-2.4043,,
AVG,0.52,0.31999999999999995,0.04000000000000001,,,,0.10000000000000003,0.5,,,,0.5,0.060000000000000005,,-2.3749133333333337,,
MAY-2,0.65,0.45,0.04,,,,0.1,0.5,,,,0.5,0.06,,-2.4117,,
MAY-7,0.85,0.65,0.04,,,,0.1,0.5,,,,0.5,0.06,,-2.4117,,
MAY-9,0.85,0.65,0.04,,,,0.1,0.5,,,,0.5,0.06,,-2.4014,,
MAY-14,1.2,1,0.04,,,,0.1,0.5,,,,0.5,0.06,,-2.4014,,
MAY-16,1.2,1,0.04,,,,0.1,0.5,,,,0.5,0.06,,-2.4,,
MAY-23,1.2,1,0.04,,,,0.1,0.5,,,,0.5,0.06,,-2.1523,,
MAY-30,1.2,1,0.04,,,,0.1,0.5,,,,0.5,0.06,,-2.6069,,
AVG,1.067741935483871,0.8677419354838709,0.04,,,,0.1,0.5,,,,0.5,0.06,,-2.3804,,
JUN-6,1.2,1,0.04,,,,0.1,0.5,,,,0.5,0.06,,-2.7436,,
JUN-10,1.325,1,0.04,,,,0.1,0.5,,,,0.5,0.06,,-2.7436,,
JUN-13,1.325,1,0.04,,,,0.1,0.5,,,,0.5,0.06,,-2.753,,
JUN-20,1.325,1,0.04,,,,0.1,0.5,,,,0.5,0.06,,-2.8477,,
JUN-25,1.5,1,0.04,,,,0.1,0.5,,,,0.5,0.06,,-2.8477,,
JUN-27,1.5,1,0.04,,,,0.1,0.5,,,,0.5,0.06,,-2.9115,,
JUN-30,1.5,1.3,0.04,,,,0.1,0.5,,,,0.5,0.06,,-2.9115,,
AVG,1.35,1.01,0.04000000000000001,,,,0.10000000000000002,0.5,,,,0.5,0.05999999999999999,,-2.679263333333333,,
JUL-4,1.5,1.3,0.04,,,,0.1,0.5,,,,0.5,0.06,,-2.94,,
JUL-11,1.5,1.3,0.04,,,,0.1,0.5,,,,0.5,0.06,,-3.0703,,
JUL-18,1.5,1.3,0.04,,,,0.1,0.5,,,,0.5,0.06,,-3.1554,,
JUL-25,1.5,1.3,0.04,,,,0.1,0.5,,,,0.5,0.06,,-3.1576,,
AVG,1.5,1.3,0.04000000000000001,,,,0.10000000000000002,0.5,,,,0.5,0.06,,-3.0644387096774195,,
AUG-1,1.5,1.3,0.04,,,,0.1,0.5,,,,0.5,0.06,,-3.073,,
AUG-8,1.5,1.3,0.04,,,,0.1,0.5,,,,0.5,0.06,,-2.9904,,
AUG-15,1.5,1.3,0.04,,,,0.1,0.5,,,,0.5,0.06,,-2.8989,,
AUG-22,1.5,1.3,0.04,,,,0.1,0.5,,,,0.5,0.06,,-2.9244,,
AUG-29,1.5,1.3,0.04,,,,0.1,0.5,,,,0.5,0.06,,-2.9058,,
AVG,1.5,1.2999999999999998,0.04000000000000001,,,,0.10000000000000002,0.5,,,,0.5,0.06,,-2.9652999999999996,,
SEP-5,1.5,1.3,0.04,,,,0.1,0.5,,,,0.5,0.06,,-2.9451,,
SEP-12,1.5,1.3,0.04,,,,0.1,0.5,,,,0.5,0.06,,-2.8809,,
SEP-19,1.5,1.3,0.04,,,,0.1,0.5,,,,0.5,0.06,,-2.8579,,
SEP-26,1.5,1.3,0.04,,,,0.1,0.5,,,,0.5,0.06,,-2.8981,,
AVG,1.5,1.3,0.04,,,,0.10000000000000002,0.5,,,,0.5,0.05999999999999999,,-2.8967,,
OCT-3,1.5,1.3,0.04,,,,0.1,0.5,,,,0.5,0.06,,-2.9279,,
OCT-10,1.5,1.3,0.04,,,,0.1,0.5,,,,0.5,0.06,,-2.8862,,
OCT-17,1.5,1.3,0.04,,,,0.1,0.5,,,,0.5,0.06,,-2.8493,,
OCT-21,1.5,1.3,0.04,,,,0.1,0.6,,,,0.6,0.06,,-2.8493,,
OCT-23,1.5,1.3,0.04,,,,0.1,0.8,,,,0.8,0.06,,-2.8493,,
OCT-24,1.5,1.3,0.04,,,,0.1,0.8,,,,0.8,0.06,,-2.8368,,
OCT-26,1.5,1.3,0.04,,,,0.1,1.1,,,,1.1,0.06,,-2.8368,,
OCT-31,1.5,1.3,0.04,,,,0.1,1.1,,,,1.1,0.06,,-2.8199,,
AVG,1.5,1.3,0.04,,,,0.10000000000000002,0.6548387096774195,,,,0.6548387096774195,0.060000000000000005,,-2.868764516129032,,
NOV-7,1.8,1.6,0.04,,,,0.1,1.8,,,,1.8,0.06,,-2.8209,,
NOV-14,1.8,1.6,0.04,,,,0.1,2,,,,2,0.06,,-2.9198,,
NOV-21,1.8,1.6,0.04,,,,0.1,2,,,,2,0.06,,-2.9315,,
NOV-28,1.8,1.6,0.24,,,,0.1,2,,,,2,0.06,,-2.9399,,
NOV-30,2,1.8,0.44,,,,0.1,2,,,,2,0.06,,-2.9399,,
AVG,1.7466666666666668,1.5466666666666669,0.06666666666666667,,,,0.10000000000000003,1.7733333333333334,,,,1.7733333333333334,0.05999999999999999,,-2.8814833333333336,,0
DEC-2,2.5,2.3,0.94,,,,0.1,2,,,,2,0.06,,-2.9578,,
DEC-5,2.5,2.3,0.94,,,,0.1,2,,,,2,0.06,,-2.9578,,
DEC-12,2.5,2.3,0.94,,,,0.1,2,,,,2,0.06,,-2.9728,,
DEC-19,2.5,2.3,0.94,,,,0.1,2,,,,2,0.06,,-2.8877,,
DEC-26,2.5,2.3,0.94,,,,0.1,2,,,,2,0.06,,-2.8567,,
AVG,2.4838709677419355,2.283870967741935,0.9238709677419356,,,,0.10000000000000002,2,,,,2,0.06,,-2.9219516129032264,,
2006,,,,,,,,,,,,,,,,,
JAN-2,2.5,2.3,0.94,,,,0.1,2,,,,2,0.06,,-2.8709,,
JAN-9,2.5,2.3,0.94,,,,0.1,2,,,,2,0.06,,-2.7231,,
JAN-16,2.5,2.3,0.94,,,,0.1,2,,,,2,0.06,,-2.4687,,
JAN-23,2.5,2.3,0.94,,,,0.1,2,,,,2,0.06,,-2.418,,
JAN-30,2.5,2.3,0.94,,,,0.1,2,,,,2,0.06,,-2.2848,,
AVG,2.5,2.2999999999999994,0.94,,,0,0.10000000000000002,2,,,0,2,0.06,,-2.606167741935484,,
FEB-4,2.5,2.3,0.94,,,,0.1,2.5,,,,2.5,0.06,,-2.3071,,
FEB-6,2.5,2.3,0.94,,,,0.1,2.5,,,,2.5,0.06,,-2.3071,,
FEB-13,2.5,2.3,0.94,,,,0.1,2.5,,,,2.5,0.06,,-2.4234,,
FEB-20,2.5,2.3,0.94,,,,0.1,2.5,,,,2.5,0.06,,-2.3524,,
FEB-27,2.5,2.3,0.94,,,,0.1,2.5,,,,2.5,0.06,,-2.372,,
AVG,2.5,2.2999999999999994,0.9399999999999998,,,,0.1,2.4464285714285716,,,,2.4464285714285716,0.05999999999999999,,-2.3497464285714287,,
MAR-6,2.5,2.3,0.94,,,,0.1,2.5,,,,2.5,0.06,,-2.263,,
MAR-13,2.5,2.3,0.94,,,,0.1,2.5,,,,2.5,0.06,,-2.2498,,
MAR-21,2.5,2.3,0.94,,,,0.1,2.5,,,,2.5,0.06,,-2.2856,,
MAR-27,2.5,2.3,0.94,,,,0.1,2.5,,,,2.5,0.06,,-2.2229,,
AVG,2.5,2.3,0.94,,,,0.10000000000000002,2.5,,,,2.5,0.06,,-2.2762354838709675,,
APR-1,2.5,2.3,0.54,,,,0.1,1.95,,,,1.95,0.06,,-2.2229,,
APR-3,2.5,2.3,0.54,,,,0.1,1.95,,,,1.95,0.06,,-2.218,,
APR-10,2.5,2.3,0.54,,,,0.1,1.95,,,,1.95,0.06,,-2.1031,,
APR-17,2.5,2.3,0.54,,,,0.1,1.95,,,,1.95,0.06,,-1.9417,,
APR-24,2.5,2.3,0.54,,,,0.1,0.95,,,,0.95,0.06,,-1.8894,,
APR-28,2.5,2.3,0.54,,,,0.1,0.95,,,,0.95,0.06,,-1.8894,,
AVG,2.5,2.2999999999999994,0.5400000000000001,,,,0.10000000000000002,1.7166666666666666,,,,1.7166666666666666,0.05999999999999999,,-2.0503733333333334,,
MAY-1,2.5,2.3,0.54,,,0.54,0.1,0.95,,,,0.95,0.06,,-1.8106,,
MAY-8,2.5,2.3,0.54,,,0.54,0.1,0.95,,,,0.95,0.06,,-1.8208,,
MAY-15,2.5,2.3,0.54,,,0.54,0.1,0.95,,,,0.95,0.06,,-1.8235,,
MAY-22,2.5,2.3,0.54,,,0.54,0.1,0.95,,,,0.95,0.06,,-1.9555,,
MAY-29,2.5,2.3,0.54,,,0.54,0.1,0.95,,,,0.95,0.06,,-1.991,,
AVG,2.5,2.3,0.54,,,0.54,0.10000000000000002,0.9499999999999998,,,,0.9499999999999998,0.06,,-1.8659935483870966,,
JUN-5,2.5,2.3,0.54,,,0.54,0.1,0.95,,,,0.95,0.06,,-1.991,,
JUN-12,2.5,2.3,0.54,,,0.54,0.1,0.95,,,,0.95,0.06,,-2.0213,,
JUN-19,2.5,2.3,0.54,,,0.54,0.1,0.95,,,,0.95,0.06,,-2.0567,,
JUN-26,2.5,2.3,0.54,,,0.54,0.1,0.95,,,,0.95,0.06,,-2.0537,,
AVG,2.5,2.2999999999999994,0.5399999999999999,,,0.5399999999999999,0.10000000000000002,0.9499999999999998,,,,0.9499999999999998,0.05999999999999999,,-2.0238500000000004,,
JUL-3,2.5,2.3,0.54,,,0.54,0.1,0.95,,,,0.95,0.06,,-2.0591,,
JUL-10,2.5,2.3,0.54,,,0.54,0.1,0.95,,,,0.95,0.06,,-1.9508,,
JUL-17,2.5,2.3,0.54,,,0.54,0.1,0.95,,,,0.95,0.06,,-1.9052,,
JUL-24,2.5,2.3,0.54,,,0.54,0.1,0.95,,,,0.95,0.06,,-1.9633,,
JUL-31,2.5,2.3,0.54,,,0.54,0.1,0.95,,,,0.95,0.06,,-1.9133,,
AVG,2.5,2.3,0.54,,,0.54,0.10000000000000002,0.9499999999999998,,,,0.9499999999999998,0.06,,-1.9699838709677417,,
AUG-7,2.5,2.3,0.54,,,0.54,0.1,0.95,,,,0.95,0.06,,-1.8937,,
AUG-14,2.5,2.3,0.54,,,0.54,0.1,0.95,,,,0.95,0.06,,-1.8042,,
AUG-21,2.5,2.3,0.54,,,0.54,0.1,0.95,,,,0.95,0.06,,-1.7708,,
AUG-28,2.5,2.3,0.54,,,0.54,0.1,0.95,,,,0.95,0.06,,-1.8068,,
AVG,2.5,2.3,0.54,,,0.54,0.10000000000000002,0.9499999999999998,,,,0.9499999999999998,0.06,,-1.8383193548387096,,
SEP-4,2.5,2.3,0.54,,,0.54,0.1,0.95,,,,0.95,0.06,,-1.8062,,
SEP-11,2.5,2.3,0.54,,,0.54,0.1,0.95,,,0.0748,0.95,0.06,,-1.735,,
SEP-18,2.5,2.3,0.54,,,0.54,0.1,0.95,,,0.0748,0.95,0.06,,-1.7433,,
SEP-25,2.5,2.3,0.54,,,0.54,0.1,0.95,,,0.0748,0.95,0.06,,-1.748,,
AVG,2.5,2.2999999999999994,0.5400000000000001,,,0.5400000000000001,0.10000000000000002,0.9499999999999998,,,0.0748,0.9499999999999998,0.05999999999999999,,-1.76333,,
OCT-2,2.5,2.3,0.54,,,0.54,0.1,0.95,,,0.0748,0.95,0.06,,-1.7732,,
OCT-9,2.5,2.3,0.54,,,0.54,0.1,0.95,,,0.0748,0.95,0.06,,-1.8027,,
OCT-12,2.9,2.7,0.94,,,0.94,0.1,0.95,,,0.0748,0.95,0.06,,-1.8027,,
OCT-14,3.2,3,1.24,,,1.24,0.1,1.15,,,0.2784,1.15,0.06,,-1.8027,,
OCT-16,3.2,3,1.24,,,1.24,0.1,1.15,,,0.4784,1.15,0.06,,-1.7756,,
OCT-23,3.2,3,1.24,,,1.24,0.1,1.15,,,0.4784,1.15,0.06,,-1.7334,,
OCT-25,3.46,3.26,1.5,,,1.5,0.1,1.5,,,0.6284,1.5,0.06,,-1.7334,,
OCT-30,3.46,3.26,1.5,,,1.5,0.1,1.5,,,0.6284,1.5,0.06,,-1.6428,,
AVG,2.9316129032258065,2.731612903225806,0.9716129032258065,,,0.9716129032258065,0.1,1.1370967741935485,,,0.29589677419354843,1.1370967741935485,0.06,,-1.7238064516129032,,
NOV-6,3.46,3.26,1.5,,,1.5,0.1,1.5,,,0.6284,1.5,0.06,,-1.5265,,
NOV-13,3.46,3.26,1.5,,,1.5,0.1,1.5,,,0.6284,1.5,0.06,,-1.518,,
NOV-20,3.46,3.26,1.5,,,1.5,0.1,1.5,,,0.6284,1.5,0.06,,-1.4677,,
NOV-27,3.46,3.26,1.5,,,1.5,0.1,1.5,,,0.6284,1.5,0.06,,-1.4853,,
AVG,3.46,3.2599999999999993,1.5,,,1.5,0.10000000000000002,1.5,,,0.6284,1.5,0.05999999999999999,,-1.5246866666666667,,
DEC-4,3.46,3.26,1.5,,,1.5,0.1,1.5,,,0.6284,1.5,0.06,,-1.3563,,
DEC-11,3.46,3.26,1.5,,,1.5,0.1,1.5,,,0.6284,1.5,0.06,,-1.2025,,
DEC-18,3.46,3.26,1.5,,,1.5,0.1,1.5,,,0.6284,1.5,0.06,,-1.0744,,
DEC-25,3.46,3.26,1.5,,,1.5,0.1,1.5,,,0.6284,1.5,0.06,,-1.2812,,
AVG,3.4599999999999995,3.2600000000000002,1.5,,,1.5,0.10000000000000002,1.5,,,0.6283999999999998,1.5,0.06,,-1.253441935483871,,
2007,,,,,,,,,,,,,,,,,
JAN-1,3.46,3.26,1.5,,,1.5,0.1,1.5,,,0.6284,1.5,0.06,,-1.4082,,
JAN-8,3.46,3.26,1.5,,,1.5,0.1,1.5,,,0.6284,1.5,0.06,,-1.3171,,
JAN-15,3.46,3.26,1.5,,,1.5,0.1,1.5,,,0.6284,1.5,0.06,,-1.3146,,
JAN-22,3.46,3.26,1.5,,,1.5,0.1,1.5,,,0.6284,1.5,0.06,,-1.771,,
JAN-29,3.46,3.26,1.5,,,1.5,0.1,1.5,,,0.6284,1.5,0.06,,-1.739,,
AVG,3.4599999999999995,3.2600000000000002,1.5,,,1.5,0.10000000000000002,1.5,,,0.6284,1.5,0.06,,-1.4804290322580644,,
FEB-1,3.46,3.26,1.5,,,1.5,0.1,1.5,,,0.6284,1.5,0.06,,-1.739,,
FEB-5,3.46,3.26,1.5,,,1.5,0.1,1.5,,,0.55,1.5,0.06,,-1.6286,,
FEB-12,3.46,3.26,1.5,,,1.5,0.1,1.5,,,0.55,1.5,0.06,,-1.6166,,
FEB-19,3.46,3.26,1.5,,,1.5,0.1,1.5,,,0.5,1.5,0.06,,-1.6057,,
FEB-26,3.46,3.26,1.5,,,1.5,0.1,1.5,,,0.5,1.5,0.06,,-1.6057,,
AVG,3.46,3.2600000000000002,1.5,,,1.5,0.10000000000000002,1.5,,,0.5433428571428571,1.5,0.05999999999999999,,-1.6331928571428571,,
MAR-1,3.46,3.26,1.5,,,1.5,0.1,1.5,,,0.5,1.5,0.06,,-1.7329,,
MAR-5,3.46,3.26,1.5,,,1.5,0.1,1.5,,,0.3,1.5,0.06,,-1.6673,,
MAR-12,3.46,3.26,1.36,,,1.36,0.1,1.5,,,0.3,1.5,0.06,,-1.3288,,
MAR-19,3.46,3.26,1,,,1,0.1,1.5,,,0.3,1.5,0.06,,-1.2844,,
MAR-26,3.46,3.26,1,,,1,0.1,1.5,,,0.3,1.5,0.06,,-1.2844,,
AVG,3.4599999999999995,3.2600000000000002,1.258709677419355,,,1.258709677419355,0.10000000000000002,1.5,,,0.32580645161290317,1.5,0.06,,-1.438758064516129,,
APR-1,3.46,3.26,1,,,1,0.1,1.5,,,0.3,1.5,0.06,,-1.2526,,
APR-2,3.46,3.26,1,,,1,0.1,1.5,,,0.3,1.5,0.06,,-1.3157,,
APR-9,3.46,3.26,1,,,1,0.1,1.5,,,0.3,1.5,0.06,,-1.3078,,
APR-16,3.46,3.26,1,,,1,0.1,1.5,,,0.3,1.5,0.06,,-1.2972,,
APR-23,3.46,3.26,1,,,1,0.1,1.5,,,0.3,1.5,0.06,,-1.2506,,
APR-30,3.46,3.26,1,,,1,0.1,1.5,,,0.3,1.5,0.06,,-1.256,,
AVG,3.46,3.26,1,,,1,0.10000000000000002,1.5,,,0.3,1.5,0.05999999999999999,,-1.2902566666666666,,
MAY-1,3.46,3.26,1,,,1,0.1,1.5,,,0.3,1.5,0.06,,-1.256,,
MAY-7,3.46,3.26,0.93,,,0.93,0.1,1.5,,,0.3,1.5,0.06,,-1.1783,,
MAY-14,3.46,3.26,0.6,,,0.6,0.1,1.5,,,0.3,1.5,0.06,,-1.1305,,
MAY-21,3.46,3.26,0.6,,,0.6,0.1,1.5,,,0.3,1.5,0.06,,-1.1091,,
MAY-28,3.46,3.26,0.6,,,0.6,0.1,1.5,,,0.3,1.5,0.06,,-1.12,,
AVG,3.4599999999999995,3.2599999999999993,0.7519354838709676,,,0.7519354838709676,0.10000000000000002,1.5,,,0.3,1.5,0.06,,-1.1593967741935483,,
JUN-1,3.46,3.26,0.6,,,0.6,0.1,1.5,,,0.3,1.5,0.06,,-1.0802000000000014,,
JUN-4,3.46,3.26,0.6,,,0.6,0.1,1.5,,,1,1.5,0.06,,-1.0868000000000013,,
JUN-11,3.46,3.26,0.6,,,0.6,0.1,1.5,,,1,1.5,0.06,,-1.0694714285714302,,
JUN-18,3.46,3.26,0.6,,,0.6,0.1,1.5,,,1,1.5,0.06,,-1.0932000000000013,,
JUN-25,3.46,3.26,0.6,,,0.6,0.1,1.5,,,1,1.5,0.06,,-1.0841000000000012,,
AVG,3.4599999999999995,3.2600000000000002,0.6,,,0.6,0.10000000000000002,1.5,,,0.9299999999999999,1.5,0.05999999999999999,,-1.0830500000000014,,
JUL-1,3.46,3.26,0.6,,,0.6,0.1,1.5,,,1,1.5,0.06,,-1.0841,,
JUL-2,3.46,3.26,0.6,,,0.5429,0.1,1.5,,,1,1.5,0.06,,-1.0393,,
JUL-9,3.46,3.26,0.6,,,0.2875,0.1,1.5,,,1,1.5,0.06,,-0.9393,,
JUL-16,3.46,3.26,0.6,,,0.1,0.1,1.5,,,1,1.5,0.06,,-0.9393,,
JUL-23,3.46,3.26,0.6,,,0.1,0.1,1.5,,,1,1.5,0.06,,-0.6782,,
JUL-30,3.56,3.36,0.6,,,0.1,0.1,1.5,,,1,1.5,0.06,,-0.7967,,
AVG,3.466451612903226,3.2664516129032255,0.6,,,0.2584774193548387,0.10000000000000002,1.5,,,1,1.5,0.06,,-0.8983935483870967,,
AUG-1,3.56,3.36,0.6,,,0.1,0.1,1.5,,,1,1.5,0.06,,-0.7967,,
AUG-6,3.7,3.5,0.74,,,0.24,0.1,1.5,,,1,1.5,0.06,,-0.8404,,
AUG-13,3.88,3.59,0.8,,,0.3,0.1,1.5,,,1,1.5,0.06,,-0.8776,,
AUG-20,3.96,3.66,0.86,,,0.36,0.1,1.5,,,1,1.5,0.06,,-0.9944,,
AUG-27,4,3.7,0.9,,,0.4,0.1,1.5,,,1,1.5,0.06,,-1.0356,,
AVG,3.8251612903225807,3.5661290322580643,0.7838709677419355,,,0.28387096774193543,0.10000000000000002,1.5,,,1,1.5,0.06,,-0.9080096774193549,,
SEP-1,4,3.7,0.9,,,0.4,0.1,1.5,,,1,1.5,0.06,,-0.9718048387096775,,
SEP-3,4,3.7,0.9,,,0.4,0.1,1.5,,,1,1.5,0.06,,-0.9007000000000005,,
SEP-10,4,3.7,0.9,,,0.4,0.1,1.5,,,1,1.5,0.06,,-0.883700000000001,,
SEP-17,4,3.7,0.9,,,0.4,0.1,1.5,,,1,1.5,0.06,,-0.8664000000000005,,
SEP-24,4,3.7,0.9,,,0.4,0.1,1.5,,,1,1.5,0.06,,-0.8664000000000005,,
AVG,4,3.7000000000000006,0.9,,,0.4000000000000001,0.10000000000000002,1.5,,,1,1.5,0.05999999999999999,,-0.8854669892473124,,
OCT-1,4,3.7,0.7,,,0.2,0.1,1.5,,,1,1.5,0.06,,-0.8974973579109068,,
OCT-8,4,3.7,0.7,,,0.2,0.1,1.5,,,1,1.5,0.06,,-0.8959955979811285,,
OCT-15,4,3.7,0.7,,,0.2,0.1,1.5,,,1,1.5,0.06,,-0.8851657064484787,,
OCT-22,4,3.7,0.7,,,0.2,0.1,1.5,,,1,1.5,0.06,,-0.8829465216554041,,
OCT-29,4,3.7,0.7,,,0.2,0.1,1.5,,,0.9,1.5,0.06,,-0.8880359420283371,,
AVG,4,3.7000000000000006,0.6999999999999998,,,0.20000000000000004,0.10000000000000002,1.5,,,0.9903225806451613,1.5,0.06,,-0.8901723907760142,,
NOV-1,4,3.7,0.7,,,0.2,0.1,1.5,,,0.7,1.5,0.06,,-0.9263000000000012,,
NOV-5,4,3.3,0.3,,,-0.2,0.1,1.1,,,0.3,1.1,0.06,,-0.8828000000000014,,
NOV-12,4,3.3,0.3,,,-0.2,0.1,0.9857,,,0.1857,0.9857,0.06,,-0.8725000000000005,,
NOV-19,4,3.3,0.3,,,-0.2,0.1,0.9,,,0.1,0.9,0.06,,-0.8297000000000008,,
NOV-26,4,3.3,0.3,,,-0.2,0.1,0.78,,,-0.02,0.78,0.06,,-0.602200000000001,,
AVG,4,3.353333333333333,0.35333333333333333,,,-0.14666666666666667,0.10000000000000002,1.0266633333333333,,,0.22666333333333336,1.0266633333333333,0.05999999999999999,,-0.8270400000000009,,
DEC-1,4,3.3,0.3,,,-0.2,0.1,0.7,,,-0.1,0.7,0.06,,0.3,,
DEC-3,4,3.3,0.3,,,-0.2,0.1,0.7,,,-0.1,0.7,0.06,,0.3,,
DEC-10,4,3.3,0.3,,,-0.2,0.1,0.7,,,-0.1,0.7,0.06,,0.3,,
DEC-17,4,3.3,0.3,,,-0.2,0.1,0.7,,,-0.1,0.7,0.06,,0.3,,
DEC-24,4,3.3,0.3,,,-0.2,0.1,0.7,,,-0.1,0.7,0.06,,0.3,,
DEC-31,4,3.3,0.3,,,-0.2,0.1,0.7,,,-0.1,0.7,0.06,,0.3,,
AVG,4,3.2999999999999994,0.30000000000000004,,,-0.20000000000000004,0.10000000000000002,0.6999999999999998,,,-0.10000000000000002,0.6999999999999998,0.06,,0.30000000000000004,,
2008,,,,,,,,,,,,,,,,,
JAN-1,4,3.3,0.3,-0.2,,-0.2,0.1,0.7,,,-0.1,0.7,0.06,,0.295,,
JAN-7,3.7086,3.0086,0.2199,-0.3016,,-0.2801,0.1,0.4086,,,-0.1786,0.4086,0.06,,0.295,,
JAN-14,3.32,2.62,0.113,-0.437,,-0.387,0.1,0.18,,,-0.1215,0.18,0.06,,0.295,,
JAN-21,3.4314,2.8743,0.2304,-0.3196,,-0.2696,0.1,0.3,,,0,0.3,0.06,,0.295,,
JAN-28,3.45,3,0.25,-0.3,,-0.25,0.1,0.2,,,-0.2625,0.2,0.06,,0.2992,,
AVG,3.581290322580645,2.945816129032258,0.21751935483870968,-0.31636774193548384,,-0.28248064516129034,0.10000000000000002,0.361941935483871,,,-0.12099032258064517,0.361941935483871,0.06,,0.295541935483871,,
FEB-1,3.45,3,0.25,-0.3,,-0.25,0.1,0.1,,,-0.4,0.1,0.06,,0.3033,,
FEB-4,3.45,3,0.25,-0.3,,-0.25,0.1,0.1,,,-0.4,0.1,0.06,,0.3033,,
FEB-11,3.45,3,0.25,-0.3,,-0.25,0.1,0.1,,,-0.4,0.1,0.06,,0.3033,,
FEB-18,3.45,3,0.25,-0.3,,-0.25,0.1,0.1,,,-0.4,0.1,0.06,,0.3033,,
FEB-25,3.45,3,0.25,-0.3,,-0.25,0.1,0.1,,,-4,0.1,0.06,,0.3033,,
AVG,3.45,3,0.25,-0.3,,-0.25,0.1,0.1,,,-1.0206896551724138,0.1,0.06,,0.3033,,
MAR-1,3.45,3,0.25,-0.3,,-0.25,0.1,0.1,,,-0.4,0.1,0.06,,0.3033,,
MAR-3,3.45,3,0.25,-0.3,,-0.25,0.1,0.1,,,-0.4,0.1,0.06,,0.3033,,
MAR-10,3.45,3,0.25,-0.3,,-0.25,0.1,-0.1286,,,-1.0286,-0.1286,0.06,,0.3033,,
MAR-17,3.45,3,0.25,-0.3,,-0.25,0.1,-0.3,,,-1.5,-0.3,0.06,,0.3033,,
MAR-24,3.45,3,0.25,-0.3,,-0.25,0.1,-0.3,,,-1.5,-0.3,0.06,,0.3033,,
MAR-31,3.45,3,0.25,-0.3,,-0.25,0.1,-0.3,,,-1.5,-0.3,0.06,,0.3033,,
AVG,3.4500000000000006,3,0.25,-0.30000000000000004,,-0.25,0.10000000000000002,-0.14516774193548387,,,-1.0742,-0.14516774193548387,0.06,,0.3033,,
APR-1,3.45,3,0.25,-0.3,,-0.25,0.1,-0.3,,,-1.5,-0.3,0.06,,0.3033,,
APR-7,3.45,3,0.25,-0.3,,-0.25,0.1,-0.3,,,-1.5,-0.3,0.06,,0.3033,,
APR-14,3.45,3,0.25,-0.3,,-0.25,0.1,-0.3,,,-1.5,-0.3,0.06,,0.3033,,
APR-21,3.45,3,0.25,-0.3,,-0.25,0.1,-0.3,,,-1.5,-0.3,0.06,,0.3033,,
APR-28,3.45,3,0.25,-0.3,,-0.25,0.1,-0.3,,,-1.5,-0.3,0.06,,0.3033,,
AVG,3.450000000000001,3,0.25,-0.3,,-0.25,0.10000000000000003,-0.3,,,-1.5,-0.3,0.05999999999999999,,0.3033,,
MAY-1,3.45,3,0.25,-0.3,,-0.25,0.1,-0.3,,,-1.5,-0.3,0.06,,0.3033,,
MAY-5,3.45,3,0.25,-0.3,,-0.25,0.1,-0.3,,,-1.5,-0.3,0.06,,0.3033,,
MAY-12,3.45,3,0.25,-0.3,,-0.25,0.1,-0.3,,,-1.5,-0.3,0.06,,0.3033,,
MAY-19,3.45,3,0.25,-0.3,,-0.25,0.1,-0.3,,,-1.5,-0.3,0.06,,0.3033,,
MAY-26,3.45,3,0.25,-0.3,,-0.25,0.1,-0.3,,,-1.5,-0.3,0.06,,0.3033,,
AVG,3.4500000000000006,3,0.25,-0.30000000000000004,,-0.25,0.10000000000000002,-0.30000000000000004,,,-1.5,-0.30000000000000004,0.06,,0.3033,,
JUN-1,3.45,3,0.25,-0.3,,-0.25,0.1,-0.3,,,-1.5,-0.3,0.06,,0.3033,,
JUN-2,3.45,3,0.25,-0.3,,-0.25,0.1,-0.3,,,-1.5,-0.3,0.06,,0.3033,,
JUN-9,3.45,3,0.25,-0.3,,-0.25,0.1,-0.3,,,-1.5,-0.3,0.06,,0.3033,,
JUN-16,3.45,3,0.25,-0.3,,-0.25,0.1,-0.3,,,-1.5,-0.3,0.06,,0.3033,,
JUN-23,3.45,3,0.25,-0.3,,-0.25,0.1,-0.3,,,-1.5,-0.3,0.06,,0.3033,,
JUN-30,3.45,3,0.25,-0.3,,-0.25,0.1,-0.3,,,-1.5,-0.3,0.06,,0.3033,,
AVG,3.4500000000000006,3,0.25,-0.3,,-0.25,0.10000000000000002,-0.3,,,-1.5,-0.3,0.05999999999999999,,0.3033,,
JUL-1,3.45,3,0.25,-0.3,,-0.25,0.1,-0.3,,,-1.5,-0.3,0.06,,0.3033,,
JUL-7,3.45,3,0.25,-0.3,,-0.25,0.1,-0.3,,,-1.5,-0.3,0.06,,0.3033,,
JUL-14,3.45,3,0.25,-0.3,,-0.25,0.1,-0.3,,,-1.5,-0.3,0.06,,0.3033,,
JUL-21,3.45,3,0.25,-0.3,,-0.25,0.1,-0.3,,,-1.5,-0.3,0.06,,0.3033,,
JUL-28,3.45,3,0.25,-0.3,,-0.25,0.1,-0.3,,,-1.5,-0.3,0.06,,0.3033,,
AVG,3.4500000000000006,3,0.25,-0.3,,-0.25,0.10000000000000002,-0.3,,,-1.5,-0.3,0.06,,0.3033,,
AUG-1,3.45,3,0.25,-0.3,,-0.25,0.1,-0.03,,,-1.37,-0.03,0.06,,0.3033,,
AUG-4,3.45,3,0.25,-0.3,,-0.25,0.1,0.1,,,-1.3,0.1,0.06,,0.3033,,
AUG-11,3.45,3,0.25,-0.3,,-0.25,0.1,0.1,,,-1.3,0.1,0.06,,0.3033,,
AUG-18,3.54,3.09,0.34,-0.21,,-0.16,0.1,0.19,,,-1.21,0.19,0.06,,0.3033,,
AUG-25,3.75,3.3,0.55,0,,0.05,0.1,0.4,,,-1,0.4,0.06,,0.3033,,
AVG,3.5380645161290323,3.088064516129032,0.33806451612903227,-0.21193548387096772,,-0.16193548387096776,0.10000000000000002,0.17548387096774196,,,-1.2187096774193549,0.17548387096774196,0.06,,0.3033,,
SEP-1,3.8214,3.3857,0.6357,0.0857,,0.1357,0.1,0.4857,,,-0.9143,0.4857,0.06,,0.3033,,
SEP-8,4,3.6,0.85,0.3,,0.35,0.1,0.7,,,-0.7,0.7,0.06,,0.3033,,
SEP-15,4,3.6,0.85,0.3,,0.35,0.1,0.7,,,-0.7,0.7,0.06,,0.3033,,
SEP-25,4,3.9429,1.2786,0.3,,0.7786,0.1,1.1286,,,-0.2714,1.1286,0.06,,0.3033,,
SEP-29,4,4,1.35,0.3,,0.85,0.1,1.2,,,-0.2,1.2,0.06,,0.3033,,
AVG,3.9583266666666663,3.656673333333333,0.9333366666666667,0.24999666666666667,,0.43333666666666665,0.10000000000000002,0.7833366666666666,,,-0.6166633333333332,0.7833366666666666,0.05999999999999999,,0.3033,,
OCT-1,4,4,1.35,0.3,,0.85,0.1,1.2,,,-0.2,1.2,0.06,,0.3033,,
OCT-6,4,4,1.35,0.3,,0.85,0.1,1.2,,,-0.2,1.2,0.06,,0.3033,,
OCT-13,4,4,1.35,0.3,,0.85,0.1,1.2,,,-0.2,1.2,0.06,,0.3033,,
OCT-20,4,4,1.6357,0.2571,,1.1071,0.1,1.3429,,,-0.2,1.2,0.06,,0.3033,,
OCT-27,4,4,2.35,0.15,,1.75,0.1,1.7,,,-0.2,1.2,0.06,,0.3033,,
AVG,4,4,1.5758032258064518,0.2661193548387097,,1.053216129032258,0.10000000000000002,1.3129129032258064,,,-0.20000000000000004,1.2000000000000002,0.06,,0.3033,,
NOV-1,4,4,2.35,0.15,,1.75,0.1,1.7,,,-0.2,1.2,0.06,,0.3033,,
NOV-3,4,4,2.35,0.15,,1.75,0.1,1.7,,,-0.2,1.2,0.06,,0.3033,,
NOV-10,4,4,2.35,0.15,,1.75,0.1,1.7,,,-0.2,1.2,0.06,,0.3033,,
NOV-17,4,4,2.35,0.15,,1.75,0.1,1.7,,,-0.2,1.2,0.06,,0.3033,,
NOV-24,4,4,2.35,0.15,,1.75,0.1,1.7,,,-0.2,1.2,0.06,,0.3033,,
AVG,4,4,2.35,0.15,,1.75,0.10000000000000002,1.7,,,-0.20000000000000004,1.2,0.05999999999999999,,0.3033,,
DEC-1,4,4,2.35,0.15,,1.75,0.1,1.7,,,-0.2,1.2,0.06,,0.3033,,
DEC-8,4,4,2.35,0.15,,1.75,0.1,1.7,,,-0.2,1.2,0.06,,0.3033,,
DEC-15,6.5714,4,2.35,-0.2357,,1.75,0.1,1.7,,,-0.2,1.2,0.06,,0.3033,,
DEC-22,7,4,2.35,-0.3,,1.75,0.1,1.7,,,-0.2,1.2,0.06,,0.3033,,
DEC-29,7,4,2.35,-0.3,,1.75,0.1,1.7,,,-0.2,1.2,0.06,,0.3033,,
AVG,5.5483806451612905,4,2.3499999999999996,-0.08225483870967742,,1.75,0.10000000000000002,1.7000000000000002,,,-0.20000000000000004,1.2000000000000002,0.06,,0.3033,,
2009,,,,,,,,,,,,,,,,,
JAN-1,7,4,2.35,-0.3,,1.75,0.1,1.7,,,-0.2,1.2,0.06,,0.3033,,
JAN-5,7,4,2.35,-0.3,,1.75,0.1,1.7,,,-0.2,1.2,0.06,,0.3033,,
JAN-12,7,4,2.35,-0.3,,1.75,0.1,1.7,,,-0.2,1.2,0.06,,0.3033,,
JAN-19,7,4,2.35,-0.3,,1.75,0.1,1.7,,,-0.2,1.2,0.06,,0.3033,,
JAN-26,7,4,2.35,-0.3,,1.75,0.1,1.7,,,-0.2,1.2,0.06,,0.3033,,
AVG,7,4,2.3499999999999996,-0.30000000000000004,,1.75,0.10000000000000002,1.7000000000000002,,,-0.20000000000000004,1.2000000000000002,0.06,,0.3033,,
FEB-1,7,4,-1.13,-3.23,-7.1024,-1.73,0.1,-0.48,,,-1.06,1.2,0.06,,0.3033,,
FEB-2,7,4,-1.13,-3.23,-7.1024,-1.73,0.1,-0.48,,,-1.06,1.2,0.06,,0.3033,,
FEB-9,7,4,-0.8729,-2.9729,-6.8442,-1.4729,0.1,-0.3257,,,-0.8029,1.2,0.06,,0.3033,,
FEB-16,7,4,-0.1871,-2.2871,-6.1571,-0.7871,0.1,0.3257,,,-0.3486,1.2,0.06,,0.3033,,
FEB-23,7,4,0.47,-1.63,-5.7,-0.13,0.1,0.9867,,,-0.2,1.2,0.06,,0.3033,,
AVG,7,4,-0.48714285714285716,-2.587142857142857,-6.501010714285714,-1.0871428571428574,0.1,0.07429285714285717,,,-0.6335892857142857,1.1999999999999997,0.05999999999999999,,0.3033,,
MAR-1,7,4,0.87,-1.23,-5.7,0.27,0.1,0.75,,,-0.2,1.2,0.06,,0.3033,,
MAR-2,7,4.3,1.17,-0.93,-5.7,0.57,0.1,0.75,,,-0.2,1.2,0.06,,0.3033,,
MAR-9,7,4.9857,1.7929,-0.4643,-5.7,1.1929,0.1,0.75,,,-0.2,1.2,0.06,,0.3033,,
MAR-16,7,5.7,2.35,-0.3,-5.7,1.75,0.1,0.75,,,-0.2,1.2,0.06,,0.3033,,
MAR-23,7,5.7,2.35,-0.3,-5.7,1.75,0.1,0.75,,,-0.2,1.2,0.06,,0.3033,,
MAR-30,7,5.7,2.35,-0.3,-5.7,1.75,0.1,0.75,,,-0.2,1.2,0.06,,0.3033,,
AVG,7,5.16773870967742,1.910009677419355,-0.509358064516129,-5.7,1.3100096774193548,0.10000000000000002,0.75,,,-0.20000000000000004,1.2,0.06,,0.3033,,
APR-1,7,5.7,2.35,-0.3,-5.7,1.75,0.1,1.7,,,-0.2,1.2,0.06,,0.3033,,
APR-6,7,5.7,2.35,-0.3,-5.7,1.75,0.1,1.7,,,-0.2,1.2,0.06,,0.3033,,
APR-13,7,5.7,2.35,-0.3,-5.7,1.75,0.1,1.7,,,-0.2,1.2,0.06,,0.3033,,
APR-20,7,5.7,2.35,-0.3,-5.7,1.75,0.1,1.7,,,-0.2,1.2,0.06,,0.3033,,
APR-27,7,5.7,2.35,-0.3,-5.7,1.75,0.1,1.7,,,-0.2,1.2,0.06,,0.3033,,
AVG,7,5.700000000000001,2.35,-0.3,-5.700000000000001,1.75,0.10000000000000002,1.6999999999999997,,,-0.20000000000000004,1.2,0.05999999999999999,,0.3033,,
MAY-1,7,5.7,2.35,-0.3,-7.2333,1.75,0.1,1.7,,,-0.2,1.2,0.06,,0.3033,,
MAY-4,7,5.7,2.35,-0.3,-8,1.75,0.1,1.7,,,-0.2,1.2,0.06,,0.3033,,
MAY-11,5.8571,4.5571,1.3329,-1.1914,-8.0743,0.7329,0.1,0.4429,,,-1.9886,1.2,0.06,,0.3033,,
MAY-18,5.2,3.9,0.77,-1.66,-7.93,0.17,0.1,-0.1571,,,-2.9871,1.2,0.06,,0.3033,,
MAY-25,5.2,3.9,0.77,-1.66,-7.93,0.17,0.1,-0.1,,,-2.93,1.2,0.06,,0.3033,,
AVG,5.929022580645161,4.629022580645161,1.406783870967742,-1.1154774193548387,-7.910967741935483,0.806783870967742,0.10000000000000002,0.590341935483871,,,-1.8496741935483871,1.2,0.06,,0.3033,,
JUN-1,5.2,3.9,0.77,-1.66,-7.93,0.17,0.1,-0.1,,,-2.93,1.2,0.06,,0.3033,,
JUN-8,5.2,3.9,0.77,-1.66,-7.93,0.17,0.1,-0.1,,,-2.93,1.2,0.06,,0.3033,,
JUN-15,5.2,3.9,0.77,-1.66,-7.93,0.17,0.1,-0.1,,,-2.7157,1.2,0.06,,0.3033,,
JUN-22,5.7,4.4,1.0557,-1.3743,-7.6443,0.4557,0.1,0.1857,,,-2.3443,1.2,0.06,,0.3033,,
JUN-29,5.9,4.6,1.17,-1.26,-7.53,0.57,0.1,0.3,,,-2.23,1.2,0.06,,0.3033,,
AVG,5.363333333333333,4.063333333333334,0.86333,-1.56667,-7.83667,0.1,0.10000000000000002,-0.0066700000000000014,,,-2.6966666666666663,1.2,0.05999999999999999,,0.3033,,
JUL-1,5.9,4.6,1.17,-1.26,-7.53,0.57,0.1,0.3,,,-2.23,1.2,0.06,,0.3033,,
JUL-6,6.3286,5.0286,1.4557,-0.9743,-7.2443,0.8557,0.1,0.7714,,,-1.6729,1.2,0.06,,0.3033,,
JUL-13,6.9286,5.6286,1.8271,-0.86,-7.13,1.2271,0.1,1.4571,,,-0.7729,1.2,0.06,,0.3033,,
JUL-20,7,5.7,1.87,-0.86,-7.13,1.27,0.1,1.5,,,-0.73,1.2,0.06,,0.3033,,
JUL-27,7,5.7,1.95,-0.78,-7.13,1.35,0.1,1.54,,,-0.63,1.2,0.06,,0.3033,,
AVG,6.654851612903226,5.354851612903226,1.6667612903225808,-0.9374225806451613,-7.220325806451613,1.0667612903225807,0.10000000000000002,1.1386935483870968,,,-1.1784064516129031,1.2000000000000002,0.06,,0.3033,,
AUG-1,7,5.7,2.27,-0.46,-7.13,1.67,0.1,1.7,,,-0.23,1.2,0.06,,0.3033,,
AUG-3,7,5.7,2.27,-0.46,-7.13,1.67,0.1,1.7,,,-0.23,1.2,0.06,,0.3033,,
AUG-10,7.2143,5.9143,2.27,-0.46,-7.13,1.67,0.1,1.1986,,,-0.4786,1.2,0.06,,0.3033,,
AUG-17,7.5,6.2,2.27,-0.46,-7.13,1.67,0.1,0.53,,,-0.81,1.2,0.06,,0.3033,,
AUG-24,7.5,6.2,2.27,-0.46,-7.13,1.67,0.1,0.53,,,-0.81,1.2,0.06,,0.3033,,
AUG-31,7.5,6.2,2.27,-0.46,-7.13,1.67,0.1,0.53,,,-0.81,1.2,0.06,,0.3033,,
AVG,7.290325806451613,5.9903258064516125,2.2699999999999996,-0.46000000000000013,-7.13,1.67,0.10000000000000002,1.020651612903226,,,-0.5667806451612902,1.2000000000000002,0.06,,0.3033,,
SEP-1,7.5,6.2,2.27,-0.46,-7.13,1.67,0.1,0.53,,,-0.81,1.2,0.06,,-0.0665,,
SEP-7,7.5,6.2,2.27,-0.46,-7.13,1.67,0.1,0.53,,,-0.81,1.2,0.06,,-0.0665,,
SEP-14,7.5,6.2,2.27,-0.46,-7.13,1.67,0.1,0.53,,,-0.81,1.2,0.06,,-0.0665,,
SEP-21,7.5,6.2,2.27,-0.46,-8.4886,1.67,0.1,0.53,,,-0.81,1.2,0.06,,-0.0665,,
SEP-28,7.5,6.2,2.27,-0.46,-10.3,1.67,0.1,0.53,,,-0.81,1.2,0.06,,-0.0665,,
AVG,7.5,6.2,2.2700000000000005,-0.4600000000000001,-7.764006666666666,1.6699999999999997,0.10000000000000003,0.53,,,-0.8100000000000002,1.2,0.05999999999999999,,-0.0665,,
OCT-1,7.5,6.2,2.27,-0.46,-10.3,1.67,0.1,0.53,,,-0.81,1.2,0.06,,-0.0034,,
OCT-5,7.5,6.2,2.27,-0.46,-10.3,1.67,0.1,0.53,,,-0.81,1.2,0.06,,-0.0034,,
OCT-12,7.5,6.2,2.27,-0.46,-10.3,1.67,0.1,0.53,,,-0.81,1.2,0.06,,-0.0034,,
OCT-19,7.5,6.2,2.27,-0.46,-10.3,1.67,0.1,0.53,,,-0.81,1.2,0.06,,-0.0034,,
OCT-26,7.5,6.2,2.27,-0.46,-10.3,1.67,0.1,0.53,,,-0.81,1.2,0.06,,-0.0034,,
AVG,7.5,6.199999999999999,2.27,-0.4600000000000001,-10.300000000000002,1.67,0.10000000000000002,0.53,,,-0.8099999999999999,1.2000000000000002,0.06,,-0.0034,,
NOV-1,7.5,6.2,2.27,-0.46,-10.3,1.67,0.1,0.53,,,-0.81,1.2,0.06,,0.1356,,
NOV-2,7.5,6.2,2.27,-0.46,-10.3,1.67,0.1,0.53,,,-0.81,1.2,0.06,,0.1356,,
NOV-9,7.5,6.2,2.27,-0.46,-10.3,1.67,0.1,0.53,,,-0.81,1.2,0.06,,0.1356,,
NOV-16,7.5,6.2,2.27,-0.46,-10.3,1.67,0.1,0.53,,,-0.81,1.2,0.06,,0.1356,,
NOV-23,7.5,6.2,2.27,-0.46,-10.3,1.67,0.1,0.53,,,-0.81,1.2,0.06,,0.1356,,
NOV-30,7.5,6.2,2.27,-0.46,-10.3,1.67,0.1,0.53,,,-0.81,1.2,0.06,,0.1356,,
AVG,7.5,6.2,2.27,-0.4600000000000001,-10.300000000000002,1.6699999999999997,0.10000000000000002,0.53,,,-0.81,1.2,0.05999999999999999,,0.13560000000000003,,
DEC-1,7.5,6.2,2.27,-0.46,-10.3,1.67,0.1,0.53,,,-0.81,1.2,0.06,,0.1781,,
DEC-7,7.5,6.2,2.27,-0.46,-10.3,1.67,0.1,0.53,,,-0.81,1.2,0.06,,0.1781,,
DEC-14,7.5,6.2,2.27,-0.46,-10.3,1.67,0.1,0.53,,,-0.81,1.2,0.06,,0.1781,,
DEC-21,7.5,6.2,2.27,-0.46,-10.3,1.67,0.1,0.53,,,-0.81,1.2,0.06,,0.1781,,
DEC-28,7.5,6.2,2.27,-0.46,-10.3,1.67,0.1,0.53,,,-0.81,1.2,0.06,,0.1781,,
AVG,7.5,6.2,2.27,-0.4600000000000001,-10.3,1.67,0.10000000000000002,0.5300000000000001,,,-0.8100000000000002,1.2,0.06,,0.17809999999999998,,
2010,,,,,,,,,,,,,,,,,
JAN-1,7.5,6.2,2.27,-0.46,-10.3,1.67,0.1,0.53,,,-0.81,1.2,0.06,,0.1946,,
JAN-4,7.5,6.2,2.27,-0.46,-10.3,1.67,0.1,0.53,,,-0.81,1.2,0.06,,0.1946,,
JAN-11,7.5,6.2,2.27,-0.46,-10.3,1.67,0.1,0.53,,,-0.81,1.2,0.06,,0.1946,,
JAN-18,7.5,6.2,2.27,-0.46,-10.3,1.67,0.1,0.53,,,-0.81,1.2,0.06,,0.1946,,
JAN-25,7.5,6.2,2.27,-0.46,-10.3,1.67,0.1,0.53,,,-0.8057,1.2,0.06,,0.1946,,
AVG,7.5,6.2,2.27,-0.4600000000000001,-10.300000000000002,1.67,0.10000000000000002,0.53,,,-0.8090290322580644,1.2,0.06,,0.19460000000000002,,
FEB-1,7.5,6.2,2.27,-0.46,-10.3,1.67,0.1,0.85,,,-0.8,1.2,0.06,,0.2599,,
FEB-8,7.5,6.6286,2.7243,-0.4086,-10.9,1.4386,0.1,0.85,,,-0.8,1.2,0.06,,0.2599,,
FEB-15,7.5,6.7,2.8,-0.4,-11,1.4,0.1,0.85,,,-0.8,1.2,0.06,,0.2599,,
FEB-22,7.5,6.7,2.8,-0.4,-11,1.4,0.1,0.85,,,-0.8,1.2,0.06,,0.2599,,
AVG,7.5,6.55715,2.6485749999999997,-0.41715,-10.799999999999999,1.4771499999999997,0.1,0.85,,,-0.8,1.2,0.06,,0.2599,,
MAR-1,7.5,6.7,2.8,-0.4,-11,1.4,0.1,0.85,,,-0.8,1.2,0.06,,0.223,,
MAR-8,7.5,6.7,2.8,-0.4,-11,1.4,0.1,0.85,,,-0.8,1.2,0.06,,0.223,,
MAR-15,7.5,6.7,2.8,-0.4,-11,1.4,0.1,0.85,,,-0.8,1.2,0.06,,0.223,,
MAR-22,7.5,6.7,2.8,-0.4,-11,1.4,0.1,0.85,,,-0.8,1.2,0.06,,0.223,,
MAR-29,7.5,6.7,2.8,-0.4,-11,1.4,0.1,0.85,,,-0.8,1.2,0.06,,0.223,,
AVG,7.5,6.699999999999999,2.7999999999999994,-0.4000000000000001,-11,1.3999999999999997,0.10000000000000002,0.8500000000000001,,,-0.8000000000000002,1.2000000000000002,0.06,,0.223,,
APR-1,7.5,6.7,2.8,-0.4,-11,1.4,0.1,0.85,,,-0.8,1.2,0.06,,0.4346,,
APR-5,7.5,6.7,2.8,-0.4,-11,1.4,0.1,0.85,,,-0.8,1.2,0.06,,0.4346,,
APR-12,7.5,6.7,2.8,-0.4,-11,1.4,0.1,0.85,,,-0.8,1.2,0.06,,0.4346,,
APR-19,7.5,6.7,2.8,-0.4,-11,1.4,0.1,0.85,,,-0.8,1.2,0.06,,0.4346,,
APR-26,7.5,6.7,2.8,-0.4,-11,1.4,0.1,0.85,,,-0.8,1.2,0.06,,0.4346,,
AVG,7.5,6.7,2.7999999999999994,-0.4000000000000001,-11,1.3999999999999997,0.10000000000000002,0.85,,,-0.8000000000000002,1.2,0.05999999999999999,,0.43459999999999993,,
MAY-1,7.5,6.7,2.8,-0.4,-11,1.4,0.1,0.85,,,-0.8,1.2,0.06,,0.5101,,
MAY-3,7.5,6.7,2.8,-0.4,-11,1.4,0.1,0.85,,,-0.8,1.2,0.06,,0.5101,,
MAY-10,7.5,6.7,2.8,-0.4,-11,1.4,0.1,0.85,,,-0.8,1.2,0.06,,0.5101,,
MAY-17,7.5,6.7,2.8,-0.4,-11,1.4,0.1,0.85,,,-0.8,1.2,0.06,,0.5101,,
MAY24,7.5,6.7,2.8,-0.4,-11,1.4,0.1,0.85,,,-0.8,1.2,0.06,,0.5101,,
MAY31,7.5,6.7,2.8,-0.4,-11,1.4,0.1,0.85,,,-0.8,1.2,0.06,,0.5101,,
AVG,7.5,6.699999999999999,2.7999999999999994,-0.4000000000000001,-11,1.3999999999999997,0.10000000000000002,0.8500000000000001,,,-0.8000000000000002,1.2000000000000002,0.06,,0.5101,,
JUN-1,7.5,6.7,2.8,-0.4,-11,1.4,0.1,0.65,,,-0.5,1.2,0.06,,0.4726,,
JUN-7,7.5,6.7,2.8,-0.4,-11,1.4,0.1,0.65,,,-0.5,1.2,0.06,,0.4726,,
JUN-14,7.5,6.7,2.8,-0.4,-11,1.4,0.1,0.65,,,-0.5,1.2,0.06,,0.4726,,
JUN-21,7.5,6.7,2.8,-0.4,-11,1.4,0.1,0.65,,,-0.5,1.2,0.06,,0.4726,,
JUN-28,7.5,6.7,2.8,-0.4,-11,1.4,0.1,0.65,,,-0.5,1.2,0.06,,0.4726,,
AVG,7.5,6.7,2.799999999999999,-0.40000000000000013,-11,1.3999999999999995,0.10000000000000003,0.65,,,-0.5,1.2,0.05999999999999999,,0.4726,,
JUL-1,7.5,6.7,2.8,-0.4,-11,1.4,0.1,0.65,,,-0.5,1.2,0.06,,0.4482,,
JUL-5,7.5,6.7,2.8,-0.4,-11,1.4,0.1,0.65,,,-0.5,1.2,0.06,,0.4482,,
JUL-12,7.5,6.7,2.8,-0.4,-11,1.4,0.1,0.65,,,-0.5,1.2,0.06,,0.4482,,
JUL-19,7.5,6.7,2.8,-0.4,-11,1.4,0.1,0.65,,,-0.5,1.2,0.06,,0.4482,,
JUL-26,7.5,6.7,2.8,-0.4,-11,1.4,0.1,0.65,,,-0.5,1.2,0.06,,0.4482,,
AVG,7.5,6.699999999999999,2.7999999999999994,-0.4000000000000001,-11,1.3999999999999997,0.10000000000000002,0.6499999999999999,,,-0.5,1.2000000000000002,0.06,,0.4482,,
AUG-1,7.5,6.7,2.8,-0.4,-11,1.4,0.1,0.65,,,-0.5,1.2,0.06,,0.4962,,
AUG-2,7.5,6.7,2.8,-0.4,-11,1.4,0.1,0.65,,,-0.5,1.2,0.06,,0.4962,,
AUG-9,7.5,6.7,2.8,-0.4,-11,1.4,0.1,0.65,,,-0.5,1.2,0.06,,0.4962,,
AUG-16,7.5,6.7,2.8,-0.4,-11,1.4,0.1,0.65,,,-0.5,1.2,0.06,,0.4962,,
AUG-23,7.5,6.7,2.8,-0.4,-11,1.4,0.1,0.65,,,-0.5,1.2,0.06,,0.4962,,
AUG-30,7.5,6.7,2.8,-0.4,-11,1.4,0.1,0.65,,,-0.5,1.2,0.06,,0.4962,,
AVG,7.5,6.7,2.7999999999999994,-0.4000000000000001,-11,1.3999999999999997,0.10000000000000002,0.65,,,-0.5,1.2,0.06,,0.4962,,
SEP-1,7.5,6.7,2.8,-0.4,-11,1.4,0.1,0.65,,,-0.5,1.2,0.06,,0.6892,,
SEP-6,7.5,6.7,2.8,-0.4,-11,1.4,0.1,0.65,,,-0.5,1.2,0.06,,0.6892,,
SEP-13,7.5,6.7,2.8,-0.4,-11,1.4,0.1,0.65,,,-0.5,1.2,0.06,,0.6892,,
SEP-20,7.5,6.7,2.8,-0.4,-11,1.4,0.1,0.65,,,-0.5,1.2,0.06,,0.6892,,
SEP-27,7.5,6.7,2.8,-0.4,-11,1.4,0.1,0.65,,,-0.5,1.2,0.06,,0.6892,,
AVG,7.5,6.700000000000001,2.7999999999999994,-0.4000000000000001,-11,1.3999999999999997,0.10000000000000002,0.65,,,-0.5,1.2,0.05999999999999999,,0.6892,,
OCT-1,7.5,6.7,2.8,-0.4,-11,1.4,0.1,0.65,,,-0.5,1.2,0.06,,0.9914,,
OCT-4,7.5,6.7,2.8,-0.4,-11,1.4,0.1,0.65,,,-0.5,1.2,0.06,,0.9914,,
OCT-11,7.5,6.7,2.8,-0.4,-11,1.4,0.1,0.65,,,-0.5,1.2,0.06,,0.9914,,
OCT-18,7.5,6.7,2.8,-0.4,-11,1.4,0.1,0.65,,,-0.5,1.2,0.06,,0.9914,,
OCT-25,7.5,6.7,2.8,-0.4,-11,1.4,0.1,0.65,,,-0.5,1.2,0.06,,0.9914,,
AVG,7.5,6.7,2.7999999999999994,-0.4000000000000001,-11,1.3999999999999997,0.10000000000000002,0.65,,,-0.5,1.2,0.06,,0.9913999999999998,,
NOV-1,7.5,6.7,2.8,-0.4,-11,1.4,0.1,0.65,,,-0.5,1.2,0.06,,1.2797,,
NOV-8,7.5,6.7,2.8,-0.4,-11,1.4,0.1,0.65,,,-0.5,1.2,0.06,,1.2797,,
NOV-15,7.5,6.7,2.8,-0.4,-11,1.4,0.1,0.65,,,-0.5,1.2,0.06,,1.2797,,
NOV-22,7.5,6.7,2.8,-0.4,-11,1.4,0.1,0.65,,,-0.5,1.2,0.06,,1.2797,,
NOV-29,7.5,6.7,2.8,-0.4,-11,1.4,0.1,0.65,,,-0.5,1.2,0.06,,1.2797,,
AVG,7.5,6.7,2.7999999999999994,-0.4000000000000001,-11,1.3999999999999997,0.10000000000000002,0.65,,,-0.5,1.2,0.05999999999999999,,1.2797000000000003,,
DEC-1,7.5,6.7,2.56,-0.94,-12.5,0.62,0.1,0.65,,,-0.5,1.2,0.06,,1.3084,,
DEC-6,7.5,6.7,2.56,-1.3,-13.5,0.1,0.1,0.3643,,,-0.5,1.2,0.06,,1.3084,,
DEC-13,7.5,6.7,2.56,-1.3,-13.5,0.1,0.1,-0.0643,,,-0.7143,1.2,0.06,,1.3084,,
DEC-20,7.5,6.7,2.56,-1.3,-13.5,0.1,0.1,-0.35,,,-1,1.2,0.06,,1.3084,,
DEC-27,7.5,6.7,2.56,-1.3,-13.5,0.1,0.1,-0.35,,,-1,1.2,0.06,,1.3084,,
AVG,7.5,6.7,2.56,-1.2419354838709677,-13.338709677419354,0.18387096774193548,0.10000000000000002,0.03709677419354841,,,-0.7419387096774194,1.2000000000000002,0.06,,1.3084,,
2011,,,,,,,,,,,,,,,,,
JAN-1,7.5,6.7,2.4,-1.3,-13.5,0.1,0.1,-0.35,,,-1,1.2,0.06,,1.2301,,
JAN-3,7.5,6.7,2.4,-1.3,-13.5,0.1,0.1,-0.6357,,,-1.2857,1.2,0.06,,1.2301,,
JAN-10,7.5,6.7,2.4,-1.3,-13.5,0.1,0.1,-1.1929,,,-1.9286,1.2,0.06,,1.2301,,
JAN-17,7.5,6.7,2.4,-1.3,-13.5,0.1,0.1,-1.65,,,-2.5,1.2,0.06,,1.2301,,
JAN-24,7.5,6.7,2.4,-1.3,-13.5,0.1,0.1,-1.9071,,,-2.5,1.2,0.06,,1.2301,,
JAN-31,7.5,6.7,2.4,-1.3,-13.5,0.1,0.1,-1.95,,,-2.5,1.2,0.06,,1.2301,,
AVG,7.5,6.699999999999999,2.4000000000000004,-1.2999999999999998,-13.5,0.10000000000000002,0.10000000000000002,-1.301609677419355,,,-2.0000032258064517,1.2000000000000002,0.06,,1.2301,,
FEB-1,7.5,6.7,2.4,-1.3,-13.5,0.1,0.1,-2.625,,,-3.175,1.2,0.06,,1.0776,,
FEB-7,7.5,6.7,2.4,-1.3,-13.5,0.1,0.1,-3.1429,,,-3.6929,1.2,0.06,,1.0776,,
FEB-14,7.5,6.7,2.4,-1.3,-13.5,0.1,0.1,-3.5,,,-4.05,1.2,0.06,,1.0776,,
FEB-21,7.5,6.7,2.4,-1.3,-13.5,0.1,0.1,-3.7143,,,-4.05,1.2,0.06,,1.0776,,
FEB-28,7.5,6.7,2.4,-1.3,-13.5,0.1,0.1,-4,,,-4.05,1.2,0.06,,1.0776,,
AVG,7.5,6.7,2.4,-1.3,-13.5,0.10000000000000002,0.10000000000000002,-3.294657142857143,,,-3.7732249999999996,1.2,0.06,,1.0776,,
MAR-1,7.5,6.7,2.4,-1.3,-13.5,0.1,0.1,-4.6667,,,-4.05,1.2,0.06,,1.0314,,
MAR-7,7.5,6.7,2.4,-1.3,-13.5,0.1,0.1,-5,,,-4.05,1.2,0.06,,1.0314,,
MAR-14,7.5,6.7,2.4,-1.3,-13.5,0.1,0.1,-4.8714,,,-4.05,1.2,0.06,,1.0314,,
MAR-21,7.5,6.7,2.4,-1.3,-13.5,0.1,0.1,-4.9857,,,-4.05,1.2,0.06,,1.0314,,
MAR-28,7.5,6.7,2.4,-1.3,-13.5,0.1,0.1,-5.1,,,-4.05,1.2,0.06,,1.0314,,
AVG,7.5,6.7,2.4,-1.3,-13.5,0.10000000000000002,0.10000000000000002,-4.916125806451613,,,-4.05,1.2,0.06,,1.0313999999999999,,
APR-1,7.5,6.7,2.4,-1.3,-13.5,0.1,0.1,-5.1,,,-4.05,1.2,0.06,,1.147,,
APR-4,7.5,6.7,2.4,-1.3,-13.5,0.1,0.1,-5.5714,,,-4.05,1.2,0.06,,1.147,,
APR-11,7.5,6.7,2.4,-1.3,-13.5,0.1,0.1,-6.3286,,,-4.05,1.2,0.06,,1.147,,
APR-18,7.5,6.7,2.4,-1.3,-13.5,0.1,0.1,-2.7797,,,-0.8851,1.2,0.06,,1.147,,
APR-25,7.5,6.7,2.4,-1.3,-13.5,0.1,0.1,-0.1645,,,1.4885,1.2,0.06,,1.147,,
AVG,7.5,6.7,2.4,-1.3,-13.5,0.10000000000000002,0.10000000000000002,-3.9681633333333326,,,-2.2038233333333332,1.2,0.05999999999999999,,1.1469999999999998,,
MAY-1,7.5,6.7,2.4,-1.3,-13.5,0.1,0.1,-0.1645,,,,1.2,0.06,,1.2516,,
MAY-2,7.5,6.7,2.4,-1.3,-13.5,0.1,0.1,-0.0216,,,,1.2,0.06,,1.2516,,
MAY-9,7.5,6.7,2.4,-1.3,-13.5,0.1,0.1,1.4194,,,,1.2,0.06,,1.2516,,
MAY-16,7.5,6.7,2.4,-1.3,-13.5,0.1,0.1,1.8,,,,1.2,0.06,,1.2516,,
MAY-23,7.5,6.7,2.4,-1.3,-13.5,0.1,0.1,1.9143,,,,1.2,0.06,,1.2516,,
MAY-30,7.5,6.7,2.4,-1.3,-13.5,0.1,0.1,1.8,,,,1.2,0.06,,1.2516,,
AVG,7.5,6.7,2.4,-1.3,-13.5,0.10000000000000002,0.10000000000000002,1.2651677419354839,,,,1.2,0.06,,1.2516000000000003,,
JUN-1,7.5,6.7,2.4,-1.3,-13.5,0.1,0.1,1.48,,,,1.2,0.06,,1.1893,,
JUN-6,7.5,6.7,2.4,-1.3,-13.5,0.1,0.1,1.3143,,,,1.2,0.06,,1.1893,,
JUN-13,7.5,6.7,2.4,-1.3,-13.5,0.1,0.1,0.8714,,,,1.2,0.06,,1.1893,,
JUN-20,7.5,6.7,2.4,-1.3,-13.5,0.1,0.1,1.3857,,,,1.2,0.06,,1.1893,,
JUN-27,7.5,6.7,2.4,-1.3,-13.5,0.1,0.1,2.25,,,,1.2,0.06,,1.1893,,
AVG,7.5,6.700000000000001,2.4,-1.3,-13.5,0.10000000000000002,0.10000000000000002,1.3799933333333334,,,,1.2,0.05999999999999999,,1.1893,,
JUL-1,7.5,6.7,2.4,-1.3,-13.5,0.1,0.1,2.4,,,,1.2,0.06,,1.0994,1.0994,
JUL-4,7.5,6.7,2.4,-1.3,-13.5,0.1,0.1,1.8857,,,,1.2,0.06,,1.0994,1.0994,
JUL-11,7.5,6.7,2.4,-1.3,-13.5,0.1,0.1,1.3714,,,,1.2,0.06,,1.0994,1.0994,
JUL-18,7.5,6.7,2.4,-1.3,-13.5,0.1,0.1,1.3,,,,1.2,0.06,,1.0994,3.9031000000000002,
JUL-25,7.5,6.7,2.4,-1.3,-13.5,0.1,0.1,1.3,,,,1.2,0.06,,1.0994,3.9031000000000002,
AVG,7.5,6.7,2.4,-1.3,-13.5,0.10000000000000002,0.10000000000000002,1.5548290322580645,,,,1.2,0.06,,1.0994,2.3655870967741937,
AUG-1,7.5,6.7,2.4,-1.3,-13.5,0.1,0.1,1.4714,,,,1.2,0.06,,1.2443,4.048,
AUG-8,7.5,6.7,2.4,-1.3,-13.5,0.1,0.1,2.5429,,,,1.2,0.06,,1.2443,4.048,
AUG-15,7.5,6.7,2.4,-1.3,-13.5,0.1,0.1,2.8,,,,1.2,0.06,,1.2443,4.048,
AUG-22,5.3571,4.7857,2.4,-1.3,-13.5,0.1,0.1,2,,,,1.2,0.06,,1.2443,4.048,
AUG-29,0,0,2.0667,-1.8,-13.5,-0.4,0.1,0.6857,,,,1.2,0.06,,1.2443,4.048,
AVG,6.290312903225806,5.619351612903225,2.367745161290323,-1.3483870967741935,-13.5,0.05161290322580645,0.10000000000000002,2.056683870967742,,,,1.2000000000000002,0.06,,1.2443000000000002,4.048,
SEP-1,0,0,1.4,-2.8,-13.5,-1.4,0.1,0,,,,1.2,0.06,,1.3099,4.1136,
SEP-5,0,0,1.4,-2.8,-13.5,-1.4,0.1,0,,,,1.2,0.06,,1.3099,4.1136,
SEP-12,0,0,1.4,-2.8,-13.5,-1.4,0.1,0,,,,1.2,0.06,,1.3099,4.1136,
SEP-19,0,0,1.4,-2.8,-13.5,-1.4,0.1,0,,,,1.2,0.06,,1.3099,4.1136,
SEP-26,0,0,1.4,-2.8,-13.5,-1.4,0.1,0,,,,1.2,0.06,,1.3099,4.1136,
AVG,0,0,1.3999999999999997,-2.7999999999999994,-13.5,-1.3999999999999997,0.10000000000000002,0,,,,1.2,0.05999999999999999,,1.3099,4.1136,
OCT-1,0,0,1.4,-2.8,-13.5,-1.4,0.1,0,,,,1.2,0.06,,1.1316,6.7391,
OCT-3,0,0,1.4,-2.8,-13.5,-1.4,0.1,0,,,,1.2,0.06,,1.1316,6.7391,
OCT-10,0,0,1.4,-2.8,-13.5,-1.4,0.1,0,,,,1.2,0.06,,1.1316,6.7391,
OCT-17,0,0,1.4,-2.8,-13.5,-1.4,0.1,0,,,,1.2,0.06,,1.1316,6.7391,
OCT-24,0,0,1.4,-2.8,-13.5,-1.4,0.1,0,,,,1.2,0.06,,1.1316,6.7391,
OCT-31,0,0,1.4,-2.8,-13.5,-1.4,0.1,0,,,,1.2,0.06,,1.1316,6.7391,
AVG,0,0,1.3999999999999997,-2.7999999999999994,-13.5,-1.3999999999999997,0.10000000000000002,0,,,,1.2000000000000002,0.06,,1.1316,6.7391000000000005,
NOV-1,0,0,0.8,-2.8,-13.5,-1.4,0.1,0,,,,1.2,0.06,,0.9755,6.583,
NOV-7,0,0,0.2,-2.8,-13.5,-1.4,0.1,0,,,,1.2,0.06,,0.9755,6.583,
NOV-14,0,0,0.2,-2.8,-13.5,-1.4,0.1,0,,,,1.2,0.06,,0.9755,6.583,
NOV-21,0,0,0.2,-2.8,-13.5,-1.4,0.1,0,,,,1.2,0.06,,0.9755,6.583,
NOV-28,0,0,0.2,-2.8,-13.5,-1.4,0.1,0,,,,1.2,0.06,,0.9755,6.583,
AVG,0,0,0.32000000000000006,-2.799999999999999,-13.5,-1.3999999999999995,0.10000000000000003,0,,,,1.2,0.05999999999999999,,0.9754999999999999,6.583000000000001,
DEC-1,0,0,0.2,-2.8,-13.5,-1.4,0.1,0,,,,1.2,0.06,,0.9525,6.56,
DEC-5,0,0,0.2,-2.8,-13.5,-1.4,0.1,0,,,,1.2,0.06,,0.9525,6.56,
DEC-12,0,0,0.2,-2.8,-13.5,-1.4,0.1,0,,,,1.2,0.06,,0.9525,6.56,
DEC-19,0,0,0.2,-2.8,-13.5,-1.4,0.1,0,,,,1.2,0.06,,0.9525,6.56,
DEC-26,0,0,0.2,-2.8,-13.5,-1.4,0.1,0,,,,1.2,0.06,,0.9525,6.56,
AVG,0,0,0.20000000000000004,-2.7999999999999994,-13.5,-1.3999999999999997,0.10000000000000002,0,,,,1.2000000000000002,0.06,,0.9525000000000001,6.559999999999999,
2012,,,,,,,,,,,,,,,,,
JAN-1,0,0,2,-2.8,-13.5,-1.4,0.1,0,,,,1.2,0.06,,0.8678,9.279,0.8678
JAN-2,0,0,0.2,-2.8,-13.5,-1.4,0.1,0,,,,1.2,0.06,,0.8678,9.279,0.8678
JAN-9,0,0,0.2,-2.8,-13.5,-1.4,0.1,0,,,,1.2,0.06,,0.8678,9.279,0.8678
JAN-16,1,1,1.2,-1.8,-13.6,-0.4,0.1,0.6,,,,1.2,0.06,,0.8678,9.279,1.5687
JAN-23,1,1,1.2,-1.8,-13.6,-0.4,0.1,0.6,,,,1.2,0.06,,0.8678,9.279,1.5687
JAN-30,1,1,1.2,-1.8,-13.6,-0.4,0.1,0.6,,,,1.2,0.06,,0.8678,9.279,1.5687
AVG,0.5161290322580645,0.5161290322580645,0.7741935483870968,-2.2838709677419353,-13.551612903225806,-0.8838709677419355,0.10000000000000002,0.3096774193548387,,,,1.2,0.06,,0.8678,9.279,1.2295548387096773
FEB-1,1,1,1.2,-1.8,-13.6,-0.4,0.1,0.6,,,,1.2,0.06,,0.7465,9.157699999999998,1.4474
FEB-6,1,1,1.2,-1.8,-13.6,-0.4,0.1,0.6,,,,1.2,0.06,,0.7465,9.157699999999998,1.4474
FEB-13,1.5714,1.5714,1.7714,-1.2286,-13.0286,0.1714,0.1,0.6,,,,1.2,0.06,,0.7465,9.157699999999998,1.8479
FEB-20,2,2,2.2,-0.8,-12.6,0.6,0.1,0.6,,,,1.2,0.06,,0.7465,9.157699999999998,2.1483
FEB-27,2,2,2.2,-0.8,-12.6,0.6,0.1,0.6,,,,1.2,0.06,,0.7465,9.157699999999998,2.1483
AVG,1.482751724137931,1.482751724137931,1.6827517241379313,-1.317248275862069,-13.11724827586207,0.082751724137931,0.1,0.6000000000000001,,,,1.2000000000000002,0.05999999999999999,,0.7464999999999999,9.157699999999998,1.7857620689655174
MAR-1,2,2,2.2,-0.8,-12.6,0.6,0.1,0.6,,,,1.2,0.06,,1.0274,9.4386,2.4292
MAR-5,2,2,2.2,-0.8,-12.6,0.6,0.1,0.6,,,,1.2,0.06,,1.0274,9.4386,2.4292
MAR-12,2.4286,2.4286,2.2,-0.8,-12.6,0.6,0.1,0.6,,,,1.2,0.06,,1.0274,9.4386,2.7296
MAR-19,3,3,2.2,-0.8,-12.6,0.6,0.1,0.6,,,,1.2,0.06,,1.0274,9.4386,3.1301
MAR-26,3,3,2.2,-0.8,-12.6,0.6,0.1,0.6,,,,1.2,0.06,,1.0274,9.4386,3.1301
AVG,2.516135483870968,2.516135483870968,2.2000000000000006,-0.8000000000000002,-12.600000000000001,0.6000000000000001,0.10000000000000002,0.6000000000000001,,,,1.2000000000000002,0.06,,1.0274,9.4386,2.790958064516129
APR-1,3,3,2.2,-0.8,-12.6,0.6,0.1,0.6,,,,1.2,0.06,,1.0403,9.4515,3.143
APR-2,3,3,2.2,-0.8,-12.6,0.6,0.1,0.6,,,,1.2,0.06,,1.0403,9.4515,3.143
APR-9,3.1429,3.1429,2.2,-0.8,-12.6,0.6,0.1,0.6,,,,1.2,0.06,,1.0403,9.4515,3.2431
APR-16,4,4,2.2,-0.8,-12.6,0.6,0.1,0.6,,,,1.2,0.06,,1.0403,9.4515,3.8438999999999997
APR-23,4,4,2.2,-0.8,-12.6,0.6,0.1,0.6,,,,1.2,0.06,,1.0403,9.4515,3.8438999999999997
APR-30,4,4,2.2,-0.8,-12.6,0.6,0.1,0.6,,,,1.2,0.06,,1.0403,9.4515,3.8438999999999997
AVG,3.5333433333333333,3.5333433333333333,2.2000000000000006,-0.8000000000000002,-12.6,0.6,0.10000000000000002,0.6,,,,1.2,0.05999999999999999,,1.0403,9.451500000000001,3.516806666666667
MAY-1,4,4,2.2,-0.8,-12.6,0.6,0.1,0.6,,,,1.2,0.06,,0.9739,12.1889,3.7775
MAY-7,4,4,2.2,-0.8,-12.6,0.6,0.1,0.6,,,,1.2,0.06,,0.9739,12.1889,3.7775
MAY-14,4,4,2.2,-0.8,-12.6,0.6,0.1,0.6,,,,1.2,0.06,,0.9739,12.1889,3.7775
MAY-21,4.2143,4,2.2,-0.8,-12.6,0.6,0.1,0.7286,,,,1.2,0.06,,0.9739,12.1889,3.7775
MAY-28,4.5,4.2143,2.2,-0.8,-12.6,0.6,0.1,0.9,,,,1.2,0.06,,0.9739,12.1889,3.7775
AVG,4.112906451612903,4.027651612903226,2.2,-0.8000000000000002,-12.6,0.6,0.10000000000000002,0.6677483870967743,,,,1.2,0.06,,0.9739,12.188899999999999,3.7775
JUN-1,4.8333,4.8333,2.2,-0.8,-12.6,0.6,0.1,1.1,,,,1.2,0.06,,0.8253,9.9453,3.6289
JUN-4,5.6429,5.6429,2.4143,-0.5857,-12.3857,0.8143,0.1,1.8429,,,,1.2,0.06,,0.8253,9.9453,3.6289
JUN-11,6.1857,6.1857,2.7857,-0.5,-12.3,1.1857,0.1,2.1,,,,1.2,0.06,,0.8253,9.9453,3.6289
JUN-18,6.6429,6.6429,3.1286,-0.3714,-12.1714,1.5286,0.1,2.2286,,,,1.2,0.06,,0.8253,9.9453,3.6289
JUN-25,7.1,7.1,3.3,-0.2,-12,1.7,0.1,2.4,,,,1.2,0.06,,0.8253,9.9453,3.6289
AVG,6.213346666666667,6.213346666666667,2.82334,-0.45999000000000007,-12.259989999999998,1.2233399999999999,0.10000000000000002,2.0300166666666666,,,,1.2,0.05999999999999999,,0.8253,9.9453,3.6288999999999993
JUL-1,7.1,7.1,3.3,-0.2,-12,1.7,0.1,2.8,,,,1.2,0.06,,0.7198,7.0098,3.5233999999999996
JUL-2,7.1,7.1,3.3,-0.2,-12,1.7,0.1,2.4286,,,,1.2,0.06,,0.7198,7.0098,3.5233999999999996
JUL-9,7.1,7.1,3.3,-0.2,-12,1.7,0.1,1.7857,,,,1.2,0.06,,0.7198,7.0098,3.5233999999999996
JUL-16,7.1,7.1,2.9857,-0.2,-12,1.3857,0.1,1.1,,,,1.2,0.06,,0.7198,7.0098,3.5233999999999996
JUL-23,7.1,7.1,2.6,-0.2,-12,1,0.1,0.6,,,,1.2,0.06,,0.7198,7.0098,3.5233999999999996
JUL-30,7.1,7.1,2.6,-0.2,-12,1,0.1,0.6,,,,1.2,0.06,,0.7198,7.0098,3.5233999999999996
AVG,7.099999999999999,7.099999999999999,3.025803225806452,-0.20000000000000004,-12,1.4258032258064517,0.10000000000000002,1.4645193548387099,,,,1.2,0.06,,0.7197999999999999,7.0098,3.5233999999999996
AUG-1,7.1,7.1,2.6,-2,-12,1,0.1,0.6,,,,1.2,0.06,,0.7199,11.399899999999999,3.5235
AUG-6,7.1,6.9286,2.1143,-0.6857,-12.3571,0.5143,0.1,0.2571,,,,1.2,0.06,,0.7199,11.399899999999999,3.5235
AUG-13,6.5286,5.4857,1.3,-1.3571,-12.6429,-0.8,0.1,-0.1714,,,,1.2,0.06,,0.7199,11.399899999999999,3.6571
AUG-20,6,4.7,0.8,-1.8,-12.7,-1.5,0.1,-0.6,,,,1.2,0.06,,0.7199,11.399899999999999,3.7573
AUG-27,6,4.7,0.8,-1.8,-12.7,-1.5,0.1,-0.6,,,,1.2,0.06,,0.7199,11.399899999999999,3.7573
AVG,6.545167741935483,5.767745161290323,1.5000032258064517,-1.4806322580645161,-12.496774193548386,-0.4838677419354839,0.10000000000000002,-0.11613225806451614,,,,1.2000000000000002,0.06,,0.7199,11.399899999999999,3.644170967741935
SEP-1,6.5,5.2,0.8,-1.8,-12.7,-1.5,0.1,-0.6,,,,1.2,0.06,,0.7936,12.0136,3.831
SEP-3,6.7857,5.4857,1.0857,-1.5143,-12.4143,-1.2143,0.1,-0.7143,,,,1.2,0.06,,0.7936,12.0136,3.831
SEP-10,6.8571,5.5571,1.1571,-1.4429,-12.3429,-1.1429,0.1,-0.6571,,,,1.2,0.06,,0.7936,12.0136,3.831
SEP-17,7.0571,5.7571,1.3571,-1.2429,-12.1429,-0.9429,0.1,-0.3429,,,,1.2,0.06,,0.7936,12.0136,3.831
SEP-30,7.4,6.1,1.7,-0.9,-11.8,-0.6,0.1,0.0857,,,,1.2,0.06,,0.7936,12.0136,3.831
AVG,6.989976666666667,5.6899766666666665,1.2899766666666668,-1.310023333333333,-12.210023333333334,-1.0100233333333333,0.10000000000000002,-0.4200066666666667,,,,1.2,0.05999999999999999,,0.7936,12.0136,3.8310000000000004
OCT-1,7.4,6.1,1.7,-0.9,-11.8,-0.6,0.1,0.2,,,,1.2,0.06,,0.9378,12.1578,4.1944
OCT-8,7.2857,5.9857,1.5857,-1.3,-11.8,-0.7143,0.1,0.1143,,,,1.2,0.06,,0.9378,12.1578,4.1944
OCT-15,7.1429,5.8429,1.4429,-2.4429,-11.8,-0.8571,0.1,-0.0143,,,,1.2,0.06,,0.9378,12.1578,4.1944
OCT-22,7.7857,6.4857,2.0857,-2.5143,-11.8,-0.2143,0.1,0.4857,,,,1.2,0.06,,0.9378,12.1578,4.1944
OCT-29,8,6.7,2.3,-2.3,-11.8,0,0.1,0.7,,,,1.2,0.06,,0.9378,12.1578,4.1944
AVG,7.461293548387097,6.161293548387096,1.7612935483870968,-1.838722580645161,-11.800000000000002,-0.5387064516129032,0.10000000000000002,0.24515806451612904,,,,1.2000000000000002,0.06,,0.9377999999999999,12.1578,4.1944
NOV-1,8,6.7,2.3,-2.3,-11.8,0,0.1,0.7,,,,1.2,0.06,,1.0384,12.2584,4.0758
NOV-5,8,6.7,2.3,-2.3,-11.8,0,0.1,1.0571,,,,1.2,0.06,,1.0384,12.2584,4.0758
NOV-12,8,6.7,2.3,-2.3,-11.8,0,0.1,1.2,,,,1.2,0.06,,1.0384,12.2584,4.0758
NOV-19,8,6.7,2.3,-2.3,-11.8,0,0.1,1.2,,,,1.2,0.06,,1.0384,12.2584,4.0758
NOV-26,8,6.7,2.3,-2.3,-11.8,0,0.1,1,,,,1.2,0.06,,1.0384,12.2584,4.0758
AVG,8,6.7,2.2999999999999994,-2.2999999999999994,-11.800000000000002,0,0.10000000000000002,1.0666566666666666,,,,1.2,0.05999999999999999,,1.0384,12.258400000000002,4.075799999999999
DEC-1,8,6.7,2.3,-2.3,-11.8,0,0.1,0.7,,,,1.2,0.06,,1.0349,12.254900000000001,4.0723
DEC-3,8,6.7,2.3,-2.3,-11.8,0,0.1,0.7,,,,1.2,0.06,,1.0349,12.254900000000001,4.0723
DEC-10,8.3571,7.0571,2.6571,-1.9429,-11.8,0.3571,0.1,1.2714,,,,1.2,0.06,,1.0349,12.254900000000001,4.0723
DEC-17,8.5,7.2,2.8,-1.8,-11.8,0.5,0.1,1.5,,,,1.2,0.06,,1.0349,12.254900000000001,4.0723
DEC-24,8.5,7.2,2.8,-1.8,-11.8,0.5,0.1,1.5,,,,1.2,0.06,,1.0349,12.254900000000001,4.0723
DEC-31,8.5,7.2,2.8,-1.8,-11.8,0.5,0.1,1.5,,,,1.2,0.06,,1.0349,12.254900000000001,4.0723
AVG,8.322570967741935,7.0225709677419355,2.622570967741935,-1.9774290322580643,-11.800000000000002,0.3225709677419355,0.10000000000000002,1.2161225806451612,,,,1.2000000000000002,0.06,,1.0349,12.254900000000003,4.0723
2013,,,,,,,,,,,,,,,,,
JAN-1,8.5,7.2,2.8,-1.8,-11.8,0.5,0.1,1.5,,,,1.2,0.06,,1.0577,12.277700000000001,4.0951
JAN-7,8.5,7.2,2.8,-1.8,-11.8,0.5,0.1,1.2143,,,,1.2,0.06,,1.0577,12.277700000000001,4.0951
JAN-14,8.5,7.2,2.8,-1.8,-11.8,0.5,0.1,1.1,,,,1.2,0.06,,1.0577,12.277700000000001,4.0951
JAN-21,8.5,7.2,2.8,-1.8,-11.8,0.5,0.1,1.1,,,,1.2,0.06,,1.0577,12.277700000000001,4.0951
JAN-28,8.5,7.2,2.8,-1.8,-11.8,0.5,0.1,1.1,,,,1.2,0.06,,1.0577,12.277700000000001,4.0951
AVG,8.5,7.2,2.7999999999999994,-1.8,-11.800000000000002,0.5,0.10000000000000002,1.2032290322580645,,,,1.2,0.06,,1.0576999999999999,12.277700000000001,4.0951
FEB-1,8.5,7.2,2.8,-1.8,-11.8,0.5,0.1,1.1,,,,1.2,0.06,,1.2483,12.468300000000001,4.2857
FEB-4,8.5,7.2,2.8,-1.8,-11.8,0.5,0.1,0.9286,,,,1.2,0.06,,1.2483,12.468300000000001,4.2857
FEB-11,8.9286,7.6286,3.2286,-1.3714,-11.3714,0.9286,0.1,0.3714,,,,1.2,0.06,,1.2483,12.468300000000001,4.2857
FEB-18,9,7.7,3.3,-1.3,-11.3,1,0.1,0.3,,,,1.2,0.06,,1.2483,12.468300000000001,4.2857
FEB-25,9.05,7.75,3.35,-1.2,-11.25,1.05,0.1,0.4,,,,1.2,0.06,,1.2483,12.468300000000001,4.2857
AVG,8.810721428571428,7.510721428571428,3.1107214285714284,-1.4821357142857143,-11.489278571428573,0.8107214285714285,0.1,0.5750000000000001,,,,1.1999999999999997,0.06,,1.2483,12.468300000000001,4.2857
MAR-1,9.2,7.9,3.5,-0.9,-11.1,1.2,0.1,0.7,,,,1.2,0.06,,1.3288,12.5488,4.3662
MAR-4,9.6286,8.3286,3.9286,-0.4714,-10.9286,1.6286,0.1,1.3857,,,,1.2,0.06,,1.3288,12.5488,4.3662
MAR-11,9.3429,8.4,4,-0.2571,-10.9,1.8429,0.1,1.7143,,,,1.2,0.06,,1.3288,12.5488,4.3662
MAR-18,9.2,,4,-0.2,-10.9,1.9,0.1,2.4,,,,1.2,0.06,,1.3288,12.5488,4.3662
MAR-25,9.2,,4,-0.2,-10.9,1.9,0.1,2.8,,,,1.2,0.06,,1.3288,12.5488,4.3662
AVG,9.329048387096773,4.541941935483871,3.9354903225806455,-0.3419193548387097,-10.925812903225806,1.7580806451612903,0.10000000000000002,1.9419354838709675,,,,1.2,0.06,,1.3288000000000002,12.548799999999998,4.3662
APR-1,9.2,,4,-0.2,-10.9,1.9,0.1,2.8,,,,1.2,0.06,,1.4309,12.1409,4.4683
APR-8,9.2,,4,-0.2,-10.9,1.9,0.1,3.0857,,,,1.2,0.06,,1.4309,12.1409,4.4683
APR-15,9.4857,,4.2857,0.0857,-10.9,2.1857,0.1,3.8857,,,,1.2,0.06,,1.4309,12.1409,4.4683
APR-22,9.7,,4.5,0.3,-10.9,2.4,0.1,4.7571,,,,1.2,0.06,,1.4309,12.1409,4.4683
APR-29,9.7,,4.15,-0.05,-10.9,2.05,0.1,4.45,,,,1.2,0.06,,1.4309,12.1409,4.4683
AVG,9.416663333333332,,4.19333,-0.00667000000000001,-10.9,2.09333,0.10000000000000002,3.68665,,,,1.2,0.05999999999999999,,1.4309000000000003,12.140899999999998,4.4683
MAY-1,9.7,,3.8,-0.4,-10.9,1.7,0.1,4,,,,1.2,0.06,,1.58,10.78,4.6174
MAY-6,9.7,,3.8,-0.4,-10.9,1.7,0.1,3.8286,,,,1.2,0.06,,1.58,10.78,4.6174
MAY-13,9.7,,3.8,-0.4,-10.9,1.7,0.1,3.6,,,,1.2,0.06,,1.58,10.78,4.6174
MAY-20,9.7,,3.8,-0.4,-10.9,1.7,0.1,3.1714,,,,1.2,0.06,,1.58,10.78,4.6174
MAY-27,9.7,,3.62,-0.4,-11.2,1.52,0.1,3.24,,,,1.2,0.06,,1.58,10.78,4.6174
AVG,9.7,,3.770967741935483,-0.4000000000000001,-10.948387096774194,1.6709677419354838,0.10000000000000002,3.561290322580645,,,,1.2000000000000002,0.06,,1.58,10.779999999999998,4.6174
JUN-1,9.7,,3.5,-0.9,-11.4,1.4,0.1,3,,,,1.2,0.06,,1.3439,10.9439,4.3812999999999995
JUN-3,9.7,,3.5,-0.9,-11.4,1.4,0.1,3,,,,1.2,0.06,,1.3439,10.9439,4.3812999999999995
JUN-10,9.7,,3.5,-0.9,-11.4,1.4,0.1,2.4,,,,1.2,0.06,,1.3439,10.9439,4.3812999999999995
JUN-17,9.7,,3.5,-0.9,-11.4,1.4,0.1,1.8857,,,,1.2,0.06,,1.3439,10.9439,4.3812999999999995
JUN-24,9.7,,3.5,-0.9,-11.4,1.4,0.1,1.8857,,,,1.2,0.06,,1.3439,10.9439,4.3812999999999995
AVG,9.699999999999998,,3.5,-0.9,-11.4,1.3999999999999997,0.10000000000000002,2.339993333333333,,,,1.2,0.05999999999999999,,1.3439,10.943900000000001,4.3812999999999995
JUl-1,9.7,,3.5,-0.9,-11.4,1.4,0.1,1.8143,,,,1.2,0.06,,0.9946,11.8246,4.032
JUl-8,9.7,,3.5,-0.9,-11.4,1.4,0.1,1.3571,,,,1.2,0.06,,0.9946,11.8246,4.032
JUl-15,9.7,,3.5,-0.9,-11.4,1.4,0.1,1.3,,,,1.2,0.06,,0.9946,11.8246,4.032
JUl-22,9.7,,3.5,-0.9,-11.4,1.4,0.1,1.3,,,,1.2,0.06,,0.9946,11.8246,4.032
JUl-29,9.7,,3.5,-0.9,-11.4,1.4,0.1,1.3,,,,1.2,0.06,,0.9946,11.8246,4.032
AVG,9.7,,3.5,-0.8999999999999999,-11.399999999999999,1.3999999999999997,0.10000000000000002,1.429025806451613,,,,1.2000000000000002,0.06,,0.9945999999999999,11.824599999999998,4.032
AUG-1,9.7,,3.5,-0.9,-11.4,1.4,0.1,1.3,,,,1.2,0.06,,0.8965999999999994,12.1166,3.9339999999999993
AUG-5,9.9143,,3.5,-1.1857,-11.4,1.4,0.1,1.0143,,,,1.2,0.06,,0.8965999999999994,12.1166,3.9339999999999993
AUG-12,10,,3.5,-1.3,-11.4,1.4,0.1,1.1857,,,,1.2,0.06,,0.8965999999999994,12.1166,3.9339999999999993
AUG-19,10,,3.5,-1.3,-11.4,1.4,0.1,1.0714,,,,1.2,0.06,,0.8965999999999994,12.1166,3.9339999999999993
AUG-26,9.8,,3.0667,-1.7333,-11.8333,0.9667,0.1,0.6,,,,1.2,0.06,,0.8965999999999994,12.1166,3.9339999999999993
AVG,9.903229032258066,,3.416135483870968,-1.3064419354838708,-11.483864516129032,1.3161354838709673,0.10000000000000002,1.0225741935483872,,,,1.2000000000000002,0.06,,0.8965999999999994,12.1166,3.9339999999999993
SEP-1,9.7,,2.7,-2.1,-12.2,0.6,0.1,0.2,,,,1.2,0.06,0.737899999999998,1.205499999999998,11.957899999999999,3.775299999999998
SEP-2,9.7,,2.7,-2.1,-12.2,0.6,0.1,0.2,,,,1.2,0.06,0.737899999999998,1.205499999999998,11.957899999999999,3.775299999999998
SEP-9,9.7,,2.7,-2.1,-12.2,0.6,0.1,0.2,,,,1.2,0.06,0.737899999999998,1.205499999999998,11.957899999999999,3.775299999999998
SEP-16,9.8286,,2.8286,-1.8429,-11.9429,0.7286,0.1,0.4571,,,,1.2,0.06,0.737899999999998,1.205499999999998,11.957899999999999,3.775299999999998
SEP-23,10,,3,-1.5,-11.6,0.9,0.1,1.2286,,,,1.2,0.06,0.737899999999998,1.205499999999998,11.957899999999999,3.775299999999998
SEP-30,10,,3,-1.5,-11.6,0.9,0.1,1.4,,,,1.2,0.06,0.737899999999998,1.205499999999998,11.957899999999999,3.775299999999998
AVG,9.810006666666668,,2.8100066666666663,-1.88001,-11.98001,0.7100066666666667,0.10000000000000002,0.5399966666666667,,,,1.2,0.05999999999999999,0.7378999999999979,1.2054999999999982,11.957899999999999,3.7752999999999974
OCT-1,10,,3,-1.5,-11.6,0.9,0.1,1.4,,,,1.2,0.06,0.7015,1.6360999999999999,11.9215,3.7389
OCT-7,10,,3.2571,-1.3286,-11.6,1.1571,0.1,1.0571,,,,1.2,0.06,0.7015,1.6360999999999999,11.9215,3.7389
OCT-14,10,,3.3,-1.3,-11.6,1.2,0.1,0.6571,,,,1.2,0.06,0.7015,1.6360999999999999,11.9215,3.7389
OCT-21,10,,3.3,-1.3,-11.6,1.2,0.1,1.0286,,,,1.2,0.06,0.7015,1.6360999999999999,11.9215,3.7389
OCT-28,10,,3.3,-1.3,-11.6,1.2,0.1,1.1,,,,1.2,0.06,0.7015,1.6360999999999999,11.9215,3.7389
AVG,10,,3.232248387096774,-1.345167741935484,-11.6,1.1322483870967741,0.10000000000000002,1.0322451612903225,,,,1.2,0.06,0.7014999999999999,1.6360999999999999,11.921499999999998,3.7389
NOV-1,10,,3.3,-1.3,-11.6,1.2,0.1,1.1,,,,1.2,0.06,0.866299999999999,2.268199999999999,12.0863,3.903699999999999
NOV-4,10,,3.3,-1.3,-11.6,1.2,0.1,1.1,,,,1.2,0.06,0.866299999999999,2.268199999999999,12.0863,3.903699999999999
NOV-11,10,,3.3,-1.3,-11.6,1.2,0.1,1.1,,,,1.2,0.06,0.866299999999999,2.268199999999999,12.0863,3.903699999999999
NOV-18,10,,3.3,-1.3,-11.6,1.2,0.1,1.1,,,,1.2,0.06,0.866299999999999,2.268199999999999,12.0863,3.903699999999999
NOV-25,10,,3.3,-1.3,-11.6,1.2,0.1,0.433,,,,1.2,0.06,0.866299999999999,2.268199999999999,12.0863,3.903699999999999
AVG,10,,3.2999999999999994,-1.3,-11.6,1.2,0.10000000000000002,0.9666000000000001,,,,1.2,0.05999999999999999,0.866299999999999,2.268199999999999,12.086300000000001,3.9036999999999984
DEC-1,10,,3.3,-1.3,-11.6,1.2,0.1,0,,,,1.2,0.06,0.7277999999999984,2.5969999999999986,11.947799999999999,3.7651999999999983
DEC-2,10,,3.3,-1.3,-11.6,1.2,0.1,-0.4286,,,,1.2,0.06,0.7277999999999984,2.5969999999999986,11.947799999999999,3.7651999999999983
DEC-9,10,,3.3,-1.3,-11.6,1.2,0.1,-0.6,,,,1.2,0.06,0.7277999999999984,2.5969999999999986,11.947799999999999,3.7651999999999983
DEC-16,10,,3.3,-1.3,-11.6,1.2,0.1,-0.2429,,,,1.2,0.06,0.7277999999999984,2.5969999999999986,11.947799999999999,3.7651999999999983
DEC-23,10,,3.3,-1.3,-11.6,1.2,0.1,-0.6143,,,,1.2,0.06,0.7277999999999984,2.5969999999999986,11.947799999999999,3.7651999999999983
DEC-30,10,,3.3,-1.3,-11.6,1.2,0.1,-0.7,,,,1.2,0.06,0.7277999999999984,2.5969999999999986,11.947799999999999,3.7651999999999983
AVG,10,,3.2999999999999994,-1.3,-11.6,1.2,0.10000000000000002,-0.4709870967741936,,,,1.2,0.06,0.7277999999999984,2.5969999999999986,11.947799999999997,3.765199999999998
2014,,,,,,,,,,,,,,,,,
JAN-1,10,,3.3,-1.3,-11.6,1.2,0.1,-0.94,,,,1.2,0.06,0.4913,2.8276999999999997,11.711300000000001,3.5286999999999997
JAN-6,10,,3.3,-1.3,-11.6,1.2,0.1,-0.6714,,,,1.2,0.06,0.4913,2.8276999999999997,11.711300000000001,3.5286999999999997
JAN-13,10,,3.3,-1.3,-11.6,1.2,0.1,-0.3286,,,,1.2,0.06,0.4913,2.8276999999999997,11.711300000000001,3.5286999999999997
JAN-20,10,,3.3,-1.3,-11.6,1.2,0.1,-0.2,,,,1.2,0.06,0.4913,2.8276999999999997,11.711300000000001,3.5286999999999997
JAN-27,10,,3.3,-1.3,-11.6,1.2,0.1,-0.2,,,,1.2,0.06,0.4913,2.8276999999999997,11.711300000000001,3.5286999999999997
AVG,10,,3.2999999999999994,-1.2999999999999998,-11.6,1.2000000000000002,0.10000000000000002,-0.45483870967741935,,,,1.2000000000000002,0.06,0.4913,2.827699999999999,11.711300000000003,3.5286999999999997
FEB-1,10,,3.3,-1.3,-11.6,1.2,0.1,-0.2,,,,1.2,0.06,0.2923,3.096,11.5123,3.3297
FEB-3,10,,3.3,-1.3,-11.6,1.2,0.1,-0.4571,,,,1.2,0.06,0.2923,3.096,11.5123,3.3297
FEB-10,10,,3.3,-1.3,-11.6,1.2,0.1,-0.5,,,,1.2,0.06,0.2923,3.096,11.5123,3.3297
FEB-17,10,,3.3,-1.3,-11.6,1.2,0.1,-0.5,,,,1.2,0.06,0.2923,3.096,11.5123,3.3297
FEB-24,10,,3.3,-1.3,-11.6,1.2,0.1,-0.5,,,,1.2,0.06,0.2923,3.096,11.5123,3.3297
AVG,10,,3.3,-1.3,-11.6,1.2,0.1,-0.4678464285714286,,,,1.2,0.06,0.2923,3.096,11.512299999999998,3.3297
MAR-1,10,,3.3,-1.3,-11.6,1.2,0.1,-0.5,,,,1.2,0.06,0.3883,3.4257,11.6083,3.4257
MAR-3,10,,3.3,-1.3,-11.6,1.2,0.1,-0.3286,,,,1.2,0.06,0.3883,3.4257,11.6083,3.4257
MAR-10,10,,3.3,-1.1214,-11.6,1.2,0.1,0.1857,,,,1.2,0.06,0.3883,3.4257,11.6083,3.4257
MAR-17,10,,3.3,-1.05,-11.6,1.2,0.1,0.5857,,,,1.2,0.06,0.3883,3.4257,11.6083,3.4257
MAR-24,10,,3.3,-1.05,-11.6,1.2,0.1,0.6286,,,,1.2,0.06,0.3883,3.4257,11.6083,3.4257
MAR-31,10,,3.3,-1.05,-11.6,1.2,0.1,0.4,,,,1.2,0.06,0.3883,3.4257,11.6083,3.4257
AVG,10,,3.2999999999999994,-1.1387032258064516,-11.600000000000001,1.2000000000000002,0.10000000000000002,0.2225741935483871,,,,1.2000000000000002,0.06,0.3882999999999999,3.4257000000000004,11.6083,3.4257000000000004
APR-1,10,,3.3,-1.05,-11.6,1.2,0.1,0.4,,,,1.2,0.06,0.4739,4.2122,11.693900000000001,3.5113
APR-7,10,,3.3,-1.05,-11.6,1.2,0.1,0.4,,,,1.2,0.06,0.4739,4.2122,11.693900000000001,3.5113
APR-14,10,,3.3,-1.05,-11.6,1.2,0.1,0.4,,,,1.2,0.06,0.4739,4.2122,11.693900000000001,3.5113
APR-21,10,,3.3,-1.05,-11.6,1.2,0.1,0.2286,,,,1.2,0.06,0.4739,4.2122,11.693900000000001,3.5113
APR-28,10,,3.3,-1.05,-11.6,1.2,0.1,0.1,,,,1.2,0.06,0.4739,4.2122,11.693900000000001,3.5113
AVG,10,,3.299999999999999,-1.0500000000000003,-11.6,1.2,0.10000000000000003,0.3300066666666667,,,,1.2,0.05999999999999999,0.47389999999999993,4.2122,11.693900000000003,3.5113
MAY-1,10,,3.3,-1.05,-11.6,1.2,0.1,0.1,,,,1.2,0.06,0.4993,4.704899999999999,11.7193,3.5366999999999997
MAY-5,10,,3.3,-1.05,-11.6,1.2,0.1,0.2929,,,,1.2,0.06,0.4993,4.704899999999999,11.7193,3.5366999999999997
MAY-12,10,,3.3,-1.05,-11.6,1.2,0.1,0.4214,,,,1.2,0.06,0.4993,4.704899999999999,11.7193,3.5366999999999997
MAY-19,10,,3.3,-1.05,-11.6,1.2,0.1,0.25,,,,1.2,0.06,0.4993,4.704899999999999,11.7193,3.5366999999999997
MAY-26,10,,3.3,-1.05,-11.6,1.2,0.1,0.25,,,,1.2,0.06,0.4993,4.704899999999999,11.7193,3.5366999999999997
AVG,10,,3.2999999999999994,-1.05,-11.600000000000001,1.2000000000000002,0.10000000000000002,0.27903548387096777,,,,1.2000000000000002,0.06,0.4993,4.704899999999999,11.7193,3.5366999999999997
JUN-1,10,,3.3,-1.05,-11.6,1.2,0.1,0.25,,,,1.2,0.06,0.4299,4.6354999999999995,11.6499,3.4673
JUN-2,10,,3.3,-1.05,-11.6,1.2,0.1,0.25,,,,1.2,0.06,0.4299,4.6354999999999995,11.6499,3.4673
JUN-9,10,,3.3,-1.05,-11.6,1.2,0.1,0.49,,,,1.2,0.06,0.4299,4.6354999999999995,11.6499,3.4673
JUN-16,10,,3.3,-1.05,-11.6,1.2,0.1,0.81,,,,1.2,0.06,0.4299,4.6354999999999995,11.6499,3.4673
JUN-23,10,,3.3,-1.05,-11.6,1.2,0.1,0.1157,,,,1.2,0.06,0.4299,4.6354999999999995,11.6499,3.4673
JUN-30,10,,3.3,-1.05,-11.6,1.2,0.1,0,,,,1.2,0.06,0.4299,4.6354999999999995,11.6499,3.4673
AVG,10,,3.2999999999999994,-1.05,-11.6,1.2,0.10000000000000002,0.39699666666666666,,,,1.2,0.05999999999999999,0.4299,4.6354999999999995,11.6499,3.4672999999999994
JUL-1,10,,3.3,-1.05,-11.6,1.2,0.1,0,,,,1.2,0.06,0.434,4.6396,11.654,3.4714
JUL-7,10,,3.3,-1.05,-11.6,1.2,0.1,0,,,,1.2,0.06,0.434,4.6396,11.654,3.4714
JUL-14,10,,3.3,-1.05,-11.6,1.2,0.1,0.5714,,,,1.2,0.06,0.434,4.6396,11.654,3.4714
JUL-21,10,,3.3,-1.05,-11.6,1.2,0.1,1,,,,1.2,0.06,0.434,4.6396,11.654,3.4714
JUL-6,10.15,,3.45,-0.9,-11.45,1.35,0.1,1.075,,,,1.2,0.06,0.434,4.6396,11.654,3.4714
AVG,10.019354838709678,,3.3193548387096765,-1.0306451612903227,-11.580645161290322,1.2193548387096773,0.10000000000000002,0.493541935483871,,,,1.2,0.06,0.434,4.6396,11.654,3.4714000000000005
AUG-1,10.6,,3.9,-0.45,-11,1.8,0.1,1.3,,,,1.2,0.06,0.571,4.776599999999999,11.731,3.6083999999999996
AUG-4,11.1714,,4.3,-0.05,-10.4286,2.2,0.1,1.3,,,,1.2,0.06,0.571,4.776599999999999,11.731,3.6083999999999996
AUG-11,11.6,,4.6,0.25,-10,2.5,0.1,1.3,,,,1.2,0.06,0.571,4.776599999999999,11.731,3.6083999999999996
AUG-18,11.7071,,4.7071,0.3571,-9.8929,2.6071,0.1,1.4071,,,,1.2,0.06,0.571,4.776599999999999,11.731,3.6083999999999996
AUG-25,10.95,,4.5929,0.6286,-9.0986,2.6643,0.1,1.3143,,,,1.2,0.06,0.571,4.776599999999999,11.731,3.6083999999999996
AVG,11.283854838709676,,4.4870967741935495,0.22419032258064514,-9.965829032258064,2.4257999999999997,0.10000000000000002,1.3274129032258064,,,,1.2,0.06,0.5710000000000001,4.776599999999998,11.731000000000002,3.6083999999999996
SEP-1,9.75,,4.25,0.8,-8.23,2.55,0.1,1,,,,1.2,0.06,0.602,4.8076,11.072000000000001,3.6393999999999997
SEP-8,9.75,,4.25,0.8,-8.23,2.55,0.1,1.2,,,,1.2,0.06,0.602,4.8076,11.072000000000001,3.6393999999999997
SEP-15,9.75,,4.25,0.8,-8.23,2.55,0.1,1.7,,,,1.2,0.06,0.602,4.8076,11.072000000000001,3.6393999999999997
SEP-22,9.75,,4.25,0.8,-8.23,2.55,0.1,1.7,,,,1.2,0.06,0.602,4.8076,11.072000000000001,3.6393999999999997
SEP-29,9.75,,4.25,0.8,-8.23,2.55,0.1,1.7,,,,1.2,0.06,0.602,4.8076,11.072000000000001,3.6393999999999997
AVG,9.75,,4.25,0.8000000000000002,-8.23,2.5499999999999994,0.10000000000000002,1.4200000000000002,,,,1.2,0.05999999999999999,0.602,4.807599999999999,11.072000000000001,3.6394
OCT-1,9.75,,4.25,0.8,-8.23,2.55,0.1,2.1,,,,1.2,0.06,0.5438999999999989,4.7494999999999985,10.723899999999999,4.1606999999999985
OCT-6,9.7214,,4.2214,0.7714,-8.23,2.5214,0.1,2.3571,,,,1.2,0.06,0.5438999999999989,4.7494999999999985,10.723899999999999,4.1606999999999985
OCT-13,9.65,,4.15,0.7,-8.23,2.45,0.1,3,,,,1.2,0.06,0.5438999999999989,4.7494999999999985,10.723899999999999,4.1606999999999985
OCT-20,9.65,,4.15,0.7,-8.23,2.45,0.1,3.6,,,,1.2,0.06,0.5438999999999989,4.7494999999999985,10.723899999999999,4.665399999999999
OCT-27,9.65,,4.15,0.7,-8.23,2.45,0.1,3.7,,,,1.2,0.06,0.5438999999999989,4.7494999999999985,10.723899999999999,4.7494999999999985
AVG,9.682251612903224,,4.182251612903227,0.7322516129032257,-8.23,2.482251612903226,0.10000000000000002,2.9580548387096774,,,,1.2000000000000002,0.06,0.5438999999999988,4.749499999999999,10.723899999999999,4.369632258064515
NOV-1,9.65,,4.15,0.7,-8.23,2.45,0.1,3.7,,,,1.2,0.06,0.4545999999999992,1.4125999999999992,7.224599999999999,4.660199999999999
NOV-3,9.65,,4.15,0.7,-8.23,2.45,0.1,3.7,,,,1.2,0.06,0.4545999999999992,1.4125999999999992,7.224599999999999,4.660199999999999
NOV-10,9.65,,4.15,0.7,-8.23,2.45,0.1,3.7,,,,1.2,0.06,0.4545999999999992,1.4125999999999992,7.224599999999999,4.660199999999999
NOV-17,9.65,,4.15,0.7,-8.23,2.45,0.1,4.2143,,,,1.2,0.06,0.4545999999999992,1.4125999999999992,7.224599999999999,5.060699999999999
NOV-24,9.65,,4.15,0.7,-8.23,2.45,0.1,4.3,,,,1.2,0.06,0.4545999999999992,1.4125999999999992,7.224599999999999,5.1274999999999995
AVG,9.65,,4.150000000000001,0.6999999999999998,-8.23,2.4500000000000006,0.10000000000000002,3.960003333333333,,,,1.2,0.05999999999999999,0.4545999999999992,1.412599999999999,7.2246,4.862686666666666
DEC-1,10.0071,,4.5071,1.0571,-8.23,2.8071,0.1,4.6571,,,,1.2,0.06,0.3426999999999989,5.015599999999999,5.982699999999999,5.015599999999999
DEC-8,10.15,,4.65,1.2,-8.23,2.95,0.1,4.8,,,,1.2,0.06,0.3426999999999989,5.015599999999999,5.982699999999999,5.015599999999999
DEC-15,9.2929,,3.7929,0.3429,-8.23,2.0929,0.1,2.5786,,,,1.2,0.06,0.3426999999999989,5.982699999999999,5.982699999999999,5.982699999999999
DEC-22,9.15,,3.65,0.2,-8.23,2.1643,0.1,2.25,,,,1.2,0.06,0.3426999999999989,5.982699999999999,5.982699999999999,5.982699999999999
DEC-29,9.15,,3.65,0.2,-8.23,2.25,0.1,2.45,,,,1.2,0.06,0.3426999999999989,5.982699999999999,5.982699999999999,5.982699999999999
AVG,9.601612903225806,,4.101612903225806,0.6516129032258065,-8.23,2.479035483870968,0.10000000000000002,3.4629,,,,1.2000000000000002,0.06,0.3426999999999989,5.545945161290321,5.982699999999999,5.545945161290321
2015,,,,,,,,,,,,,,,,,
JAN-1,9.15,,3.65,0.2,-8.23,2.25,0.1,2.45,,,,1.2,0.06,0.3031,5.943099999999999,5.943099999999999,5.943099999999999
JAN-5,9.15,,3.65,0.2,-8.23,2.25,0.1,2.7929,,,,1.2,0.06,0.3031,5.943099999999999,5.943099999999999,5.943099999999999
JAN-12,9.15,,3.3071,0.2,-8.23,2.25,0.1,3.3071,,,,1.2,0.06,0.3031,5.943099999999999,5.943099999999999,5.943099999999999
JAN-19,9.15,,3.25,0.2,-8.23,2.25,0.1,3.35,,,,1.2,0.06,0.3031,5.943099999999999,5.943099999999999,5.943099999999999
JAN-26,9.15,,3.25,0.2,-8.23,2.25,0.1,3.35,,,,1.2,0.06,0.3031,5.943099999999999,5.943099999999999,5.943099999999999
AVG,9.149999999999999,,3.4048290322580645,0.20000000000000004,-8.23,2.25,0.10000000000000002,3.0983870967741938,,,,1.2000000000000002,0.06,0.3031,5.9430999999999985,5.9430999999999985,5.9430999999999985
FEB-1,9.15,,3.25,0.2,-8.23,2.25,0.1,3.35,,,,1.2,0.06,5.943099999999999,5.943099999999999,5.943099999999999,5.943099999999999
FEB-2,9.15,,3.25,0.2,-8.23,2.25,0.1,3.35,,,,1.2,0.06,,0.538,0.538,0.538
FEB-9,9.15,,3.25,0.2,-8.23,2.25,0.1,3.35,,,,1.2,0.06,,0.538,0.538,0.538
FEB-16,9.15,,3.25,0.2,-8.23,2.25,0.1,3.35,,,,1.2,0.06,,0.538,0.538,0.538
FEB-23,9.15,,3.25,0.2,-8.23,2.25,0.1,3.35,,,,1.2,0.06,,0.538,0.538,0.538
AVG,9.150000000000002,,3.25,0.2,-8.23,2.25,0.1,3.3500000000000005,,,,1.1999999999999997,0.05999999999999999,0.2122535714285714,0.7310392857142858,0.7310392857142858,0.7310392857142858
MAR-1,9.15,,3.25,0.2,-8.23,2.25,0.1,3.35,,,,1.2,0.06,,0.538,0.538,0.538
MAR-2,9.15,,3.25,0.2,-8.23,2.25,0.1,3.35,,,,1.2,0.06,,0.538,0.538,0.538
MAR-9,7.4357,,2.3929,-0.6571,-7.3729,1.3929,0.1,2.3929,,,,1.2,0.06,,0.3734,0.3734,0.3734
MAR-16,7.15,,2.25,-0.8,-7.23,1.25,0.1,2.05,,,,1.2,0.06,,0.346,0.346,0.346
MAR-23,7.15,,2.25,-0.8,-7.23,1.25,0.1,2.05,,,,1.2,0.06,,0.346,0.346,0.346
MAR-30,7.15,,2.25,-0.8,-7.23,1.25,0.1,2.05,,,,1.2,0.06,,0.346,0.346,0.346
AVG,7.730641935483872,,2.540332258064516,-0.5096677419354838,-7.520332258064516,1.540332258064516,0.10000000000000002,2.462912903225806,,,,1.2,0.06,,0.4017354838709678,0.4017354838709678,0.4017354838709678
APR-1,7.15,,1.85,-0.8,-7.23,1.05,0.1,1.65,,,,1.2,0.06,,0.4214,0.4214,0.4214
APR-6,7.15,,1.25,-0.8,-7.22,0.75,0.1,1.05,,,,1.2,0.06,,0.5344,0.5344,0.5344
APR-13,7.0071,,1.1643,-0.9714,-7.23,0.6643,0.1,0.8786,,,,1.2,0.06,,0.5344,0.5344,0.5344
APR-20,6.65,,0.95,-1.4,-7.23,0.45,0.1,0.45,,,,1.2,0.06,,0.5344,0.5344,0.5344
APR-27,6.65,,0.95,-1.4,-7.23,0.45,0.1,0.45,,,,1.2,0.06,,0.5344,0.5344,0.5344
AVG,6.933323333333334,,1.2200033333333333,-1.0599933333333336,-7.227666666666668,0.6700033333333334,0.10000000000000002,0.8900066666666666,,,,1.2,0.05999999999999999,,0.5155666666666666,0.5155666666666666,0.5155666666666666
MAY-1,6.3167,,0.6167,-1.7333,-7.22,-0.1833,0.1,0.1833,,,,1.2,0.06,,0.5344,0.5344,0.5344
MAY-4,6.15,,0.45,-1.9,-7.23,-0.5,0.1,0.05,,,,1.2,0.06,,0.5748,0.5748,0.5748
MAY-11,6.15,,0.45,-1.9,-7.23,-0.5,0.1,0.05,,,,1.2,0.06,,0.6287,0.6287,0.6287
MAY-18,6.15,,0.45,-1.9,-7.23,-0.5,0.1,0.05,,,,1.2,0.06,,0.6287,0.6287,0.6287
MAY-25,6.15,,0.45,-1.9,-7.23,-0.5,0.1,0.05,,,,1.2,0.06,,0.6287,0.6287,0.6287
AVG,6.1661322580645175,,0.46613225806451614,-1.8838677419354837,-7.2290322580645165,-0.46935161290322586,0.10000000000000002,0.06290000000000001,,,,1.2,0.06,,0.6074032258064516,0.6074032258064516,0.6074032258064516
JUN-1,6.15,,0.45,-1.9,-7.23,-0.05,0.1,0.05,,,,1.2,0.06,,0.6287,0.6287,0.6287
JUN-8,6.15,,0.45,-1.9,-7.23,-0.05,0.1,0.05,,,,1.2,0.06,,0.9058,0.9058,0.9058
JUN-15,6.15,,0.45,-1.9,-7.23,-0.05,0.1,0.05,,,,1.2,0.06,,0.952,0.952,0.952
JUN-22,6.15,,0.45,-1.9,-7.23,-0.05,0.1,0.05,,,,1.2,0.06,,0.952,0.952,0.952
JUN-29,6.15,,0.45,-1.9,-7.23,-0.05,0.1,0.05,,,,1.2,0.06,,0.952,0.952,0.952
AVG,6.150000000000001,,0.45,-1.8999999999999997,-7.23,-0.05000000000000001,0.10000000000000002,0.05000000000000001,,,,1.2,0.05999999999999999,,0.8657833333333332,0.8657833333333332,0.8657833333333332
JUL-1,6.15,,0.45,-1.9,-7.23,-0.05,0.1,0.05,,,,1.2,0.06,,0.952,0.952,0.952
JUL-6,6.15,,0.45,-1.9,-7.23,-0.05,0.1,0.05,,,,1.2,0.06,,1.0553,1.0553,1.0553
JUL-13,6.15,,0.45,-1.9,-7.23,-0.05,0.1,0.05,,,,1.2,0.06,,1.0725,1.0725,1.0725
JUL-20,6.15,,0.45,-1.9,-7.23,-0.05,0.1,0.05,,,,1.2,0.06,,1.0725,1.0725,1.0725
JUL-27,6.15,,0.45,-1.9,-7.23,-0.05,0.1,0.05,,,,1.2,0.06,,1.0725,1.0725,1.0725
AVG,6.150000000000001,,0.45,-1.8999999999999997,-7.23,-0.05000000000000001,0.10000000000000002,0.05000000000000001,,,,1.2000000000000002,0.06,,1.0491806451612904,1.0491806451612904,1.0491806451612904
AUG-1,6.15,,0.45,-1.9,-7.23,-0.05,0.1,0.05,,,,1.2,0.06,,1.0725,1.0725,1.0725
AUG-3,6.15,,0.45,-1.9,-7.23,-0.05,0.1,0.05,,,,1.2,0.06,,1.0725,1.0725,1.0725
AUG-10,6.15,,0.45,-1.9,-7.23,-0.05,0.1,0.05,,,,1.2,0.06,,1.0725,1.0725,1.0725
AUG-17,6.15,,0.45,-1.9,-7.23,-0.05,0.1,0.05,,,,1.2,0.06,,0.9473,0.9473,0.9473
AUG-24,6.15,,0.45,-1.9,-7.23,-0.05,0.1,0.05,,,,1.2,0.06,,0.9264,0.9264,0.9264
AUG-31,6.15,,0.45,-1.9,-7.23,-0.05,0.1,0.05,,,,1.2,0.06,,0.9264,0.9264,0.9264
AVG,6.150000000000001,,0.44999999999999996,-1.8999999999999997,-7.229999999999999,-0.05000000000000001,0.10000000000000002,0.05000000000000001,,,,1.2000000000000002,0.06,,1.006525806451613,1.006525806451613,1.006525806451613
SEP-1,6.15,,0.45,-1.9,-7.23,-0.05,0.1,0.05,,,,1.2,0.06,,0.9264,0.9264,0.9264
SEP-7,6.15,,0.1071,-1.9,-7.23,-0.0029,0.1,0.05,,,,1.2,0.06,,0.9262,0.9262,0.9262
SEP-14,6.15,,0.05,-1.9,-7.23,0.005,0.1,0.05,,,,1.2,0.06,,0.9262,0.9262,0.9262
SEP-21,6.15,,0.05,-1.9,-7.23,0.005,0.1,0.05,,,,1.2,0.06,,0.9262,0.9262,0.9262
SEP-28,6.15,,0.05,-1.9,-7.23,0.005,0.1,0.05,,,,1.2,0.06,,0.9262,0.9262,0.9262
AVG,6.150000000000002,,0.14332333333333336,-1.8999999999999995,-7.230000000000001,-0.007843333333333332,0.10000000000000003,0.05000000000000002,,,,1.2,0.05999999999999999,,0.9262400000000001,0.9262400000000001,0.9262400000000001
OCT-1,6.15,,0.05,-2.15,-8.23,0.005,0.1,0.05,,,,1.2,0.06,,0.5045,0.5045,0.5045
OCT-5,6.15,,0.05,-2.4,-9.23,0.005,0.1,0.05,,,,1.2,0.06,,0.0827,0.0827,0.0827
OCT-12,6.15,,0.05,-2.4,-9.23,0.005,0.1,0.05,,,,1.2,0.06,,0.0827,0.0827,0.0827
OCT-19,6.15,,0.05,-2.4,-9.23,0.005,0.1,0.05,,,,1.2,0.06,,0.0827,0.0827,0.0827
OCT-26,6.15,,0.05,-2.4,-9.23,0.005,0.1,0.05,,,,1.2,0.06,,0.0827,0.0827,0.0827
AVG,6.150000000000001,,0.05000000000000001,-2.3677419354838714,-9.100967741935484,0.005,0.10000000000000002,0.05000000000000001,,,,1.2000000000000002,0.06,,0.1371258064516129,0.1371258064516129,0.1371258064516129
NOV-1,6.15,,0.05,-2.4,-9.23,0.005,0.1,0.05,,,,1.2,0.06,,0.0827,0.0827,0.0827
NOV-2,6.15,,0.05,-2.4,-9.23,0.005,0.1,0.05,,,,1.2,0.06,,-0.3148,-0.3148,-0.3148
NOV-9,6.15,,0.05,-2.4,-9.23,0.005,0.1,0.05,,,,1.2,0.06,,-0.613,-0.613,-0.613
NOV-16,6.15,,0.05,-2.4,-9.23,0.005,0.1,0.05,,,,1.2,0.06,,-0.613,-0.613,-0.613
NOV-23,6.15,,0.05,-2.4,-9.23,0.005,0.1,0.05,,,,1.2,0.06,,-0.613,-0.613,-0.613
NOV-30,6.15,,0.05,-2.4,-9.23,0.005,0.1,0.05,,,,1.2,0.06,,-0.613,-0.613,-0.613
AVG,6.150000000000001,,0.05000000000000001,-2.4,-9.23,0.005000000000000001,0.10000000000000002,0.05000000000000001,,,,1.2,0.05999999999999999,,-0.5202300000000001,-0.5202300000000001,-0.5202300000000001
DEC-1,6.15,,0.05,-2.4,-9.23,0.005,0.1,0.05,,,,1.2,0.06,,-0.965,-0.965,-0.965
DEC-7,6.15,,0.05,-2.4,-9.23,0.005,0.1,0.05,,,,1.2,0.06,,-1.317,-1.317,-1.317
DEC-14,6.15,,0.05,-2.4,-9.23,0.005,0.1,0.05,,,,1.2,0.06,,-1.317,-1.317,-1.317
DEC-21,6.15,,0.05,-2.4,-9.23,0.005,0.1,0.35,,,,1.2,0.06,,-1.317,-1.317,-1.317
DEC-28,6.15,,0.05,-2.4,-9.23,0.005,0.1,0.365,,,,1.2,0.06,,-1.317,-1.317,-1.317
AVG,6.150000000000001,,0.05000000000000001,-2.4,-9.230000000000002,0.005,0.10000000000000002,0.15838709677419355,,,,1.2,0.06,,-1.2488709677419356,-1.2488709677419356,-1.2488709677419356
2016,,,,,,,,,,,,,,,,,
JAN-1,6.15,,0.05,-2.4,-9.23,0.005,0.1,-0.02,,,,1.2,0.06,,-1.317,-1.317,-1.317
JAN-4,6.15,,0.05,-2.4,-9.23,0.005,0.1,-0.02,,,,1.2,0.06,,-0.2098,-0.2098,-0.2098
JAN-11,6.15,,0.05,-2.4,-9.23,0.005,0.1,-0.02,,,,1.2,0.06,,0.2331,0.2331,0.2331
JAN-18,6.4929,,0.3929,-2.4,-9.23,0.3479,0.1,0.3229,,,,1.2,0.06,,0.2331,0.2331,0.2331
JAN-25,6.75,,0.65,-2.4,-9.23,0.605,0.1,0.58,,,,1.2,0.06,,0.2331,0.2331,0.2331
AVG,6.362912903225807,,0.26291290322580646,-2.4,-9.23,0.21791290322580642,0.10000000000000002,0.19291290322580645,,,,1.2,0.06,,-0.016919354838709655,-0.016919354838709655,-0.016919354838709655
FEB-1,6.75,,0.65,-2.4,-9.23,0.605,0.1,0.58,,,,1.2,0.06,,-0.1353,-0.1353,-0.1353
FEB-8,6.75,,0.65,-2.4,-9.23,0.605,0.1,0.58,,,,1.2,0.06,,-0.4116,-0.4116,-0.4116
FEB-15,6.75,,0.65,-2.4,-9.23,0.605,0.1,0.58,,,,1.2,0.06,,-0.4116,-0.4116,-0.4116
FEB-22,6.75,,0.65,-2.4,-9.23,0.605,0.1,0.58,,,,1.2,0.06,,-0.4116,-0.4116,-0.4116
FEB-29,6.75,,0.65,-2.4,-9.23,0.605,0.1,0.58,,,,1.2,0.06,,-0.4116,-0.4116,-0.4116
AVG,6.75,,0.6499999999999999,-2.4000000000000004,-9.23,0.605,0.1,0.5799999999999998,,,,1.2000000000000002,0.06,,-0.34490689655172413,-0.34490689655172413,-0.34490689655172413
MAR-1,6.75,,0.65,-2.4,-9.23,0.605,0.1,0.58,,,,1.2,0.06,,-0.4116,-0.4116,-0.4116
MAR-7,6.75,,0.65,-2.4,-9.23,0.605,0.1,0.58,,,,1.2,0.06,,-0.3705,-0.3705,-0.3705
MAR-14,6.75,,0.65,-2.4,-9.23,0.605,0.1,0.58,,,,1.2,0.06,,-0.3636,-0.3636,-0.3636
MAR-21,6.4357,,0.3671,-2.6514,-9.2771,0.3221,0.1,0.2657,,,,1.2,0.06,,-0.3636,-0.3636,-0.3636
MAR-28,6.31,,0.254,-2.752,-9.296,0.209,0.1,0.14,,,,1.2,0.06,,-0.3636,-0.3636,-0.3636
AVG,6.622254838709678,,0.5350225806451614,-2.5021870967741933,-9.249151612903226,0.49002258064516124,0.10000000000000002,0.45225483870967736,,,,1.2,0.06,,-0.37444838709677414,-0.37444838709677414,-0.37444838709677414
APR-1,6.31,,0.254,-2.752,-9.296,0.209,0.1,0.14,,,,1.2,0.06,,-0.3636,-0.3636,-0.3636
APR-4,6.31,,0.254,-2.752,-9.296,0.209,0.1,0.14,,,,1.2,0.06,,-0.6107,-0.6107,-0.6107
APR-11,6.31,,0.254,-2.752,-9.296,0.209,0.1,0.14,,,,1.2,0.06,,-0.7095,-0.7095,-0.7095
APR-18,6.31,,0.254,-2.752,-9.296,0.209,0.1,0.14,,,,1.2,0.06,,-0.7095,-0.7095,-0.7095
APR-25,6.31,,0.254,-2.752,-9.296,0.209,0.1,0.14,,,,1.2,0.06,,-0.7095,-0.7095,-0.7095
AVG,6.309999999999999,,0.254,-2.7520000000000002,-9.296,0.209,0.10000000000000002,0.14,,,,1.2,0.05999999999999999,,-0.6518566666666668,-0.6518566666666668,-0.6518566666666668
MAY-1,6.31,,0.254,-2.752,-9.296,0.209,0.1,0.14,,,,1.2,0.06,,-0.7095,-0.7095,-0.7095
MAY-2,6.31,,0.254,-2.752,-9.296,0.209,0.1,0.14,,,,1.2,0.06,,-0.607,-0.607,-0.607
MAY-9,6.31,,0.254,-2.752,-9.296,0.209,0.1,0.14,,,,1.2,0.06,,-0.5899,-0.5899,-0.5899
MAY-16,6.31,,0.254,-2.752,-9.296,0.209,0.1,0.14,,,,1.2,0.06,,-0.5899,-0.5899,-0.5899
MAY-23,6.31,,0.254,-2.752,-9.296,0.209,0.1,0.14,,,,1.2,0.06,,-0.5899,-0.5899,-0.5899
MAY-30,6.31,,0.254,-2.752,-9.296,0.209,0.1,0.14,,,,1.2,0.06,,-0.5899,-0.5899,-0.5899
AVG,6.31,,0.254,-2.752,-9.296,0.209,0.10000000000000002,0.14,,,,1.2,0.06,,-0.5976193548387096,-0.5976193548387096,-0.5976193548387096
JUN-1,6.31,,0.254,-2.752,-9.296,0.209,0.1,0.14,,,,1.2,0.06,,-0.5936,-0.5936,-0.5936
JUN-6,6.31,,0.254,-2.752,-9.296,0.209,0.1,0.14,,,,1.2,0.06,,-0.596,-0.596,-0.596
JUN-13,6.31,,0.254,-2.752,-9.296,0.209,0.1,0.14,,,,1.2,0.06,,-0.596,-0.596,-0.596
JUN-20,6.31,,0.254,-2.752,-9.296,0.209,0.1,0.14,,,,1.2,0.06,,-0.596,-0.596,-0.596
JUN-27,6.31,,0.254,-2.752,-9.296,0.209,0.1,0.14,,,,1.2,0.06,,-0.596,-0.596,-0.596
AVG,6.31,,0.25400000000000006,-2.752,-9.296,0.20900000000000002,0.10000000000000002,0.14,,,,1.2,0.05999999999999999,,-0.5955999999999999,-0.5955999999999999,-0.5955999999999999
JUL-1,6.31,,0.254,-2.752,-9.296,0.209,0.1,0.14,,,,1.2,0.06,,-0.596,-0.596,-0.596
JUL-4,6.31,,0.188,-2.8583,-9.3191,0.1623,0.1,0.0843,,,,1.2,0.06,,-0.3128,-0.3128,-0.3128
JUL-11,6.31,,0.1,-3,-9.35,0.1,0.1,0.01,,,,1.2,0.06,,0.0647,0.0647,0.0647
JUL-18,6.31,,0.2071,-3,-9.35,0.2071,0.1,0.01,,,,1.2,0.06,,0.0647,0.0647,0.0647
JUL-25,6.31,,0.35,-3,-9.35,0.35,0.1,0.01,,,,1.2,0.06,,0.0647,0.0647,0.0647
AVG,6.309999999999999,,0.21540967741935482,-2.9440032258064517,-9.337796774193547,0.2052516129032258,0.10000000000000002,0.03935806451612904,,,,1.2,0.06,,-0.08448064516129031,-0.08448064516129031,-0.08448064516129031
AUG-1,6.31,,0.35,-3,-9.35,0.35,0.1,0.01,,,,1.2,0.06,,0.3442,0.3442,0.3442
AUG-8,6.31,,0.35,-3,-9.35,0.35,0.1,0.01,,,,1.2,0.06,,0.3908,0.3908,0.3908
AUG-15,6.31,,0.35,-3,-9.35,0.35,0.1,0.01,,,,1.2,0.06,,0.3908,0.3908,0.3908
AUG-22,6.31,,0.35,-3,-9.35,0.35,0.1,0.01,,,,1.2,0.06,,0.3908,0.3908,0.3908
AUG-29,6.31,,0.35,-3,-9.35,0.35,0.1,0.01,,,,1.2,0.06,,0.3908,0.3908,0.3908
AVG,6.31,,0.3499999999999999,-3,-9.350000000000001,0.3499999999999999,0.10000000000000002,0.010000000000000002,,,,1.2000000000000002,0.06,,0.38027741935483866,0.38027741935483866,0.38027741935483866
SEP-1,6.31,,0.35,-3,-9.35,0.35,0.1,0.01,,,,1.2,0.06,,0.3908,0.3908,0.3908
SEP-5,6.31,,0.35,-3,-9.35,0.35,0.1,0.01,,,,1.2,0.06,,0.257,0.257,0.257
SEP-12,6.31,,0.35,-3,-9.35,0.35,0.1,0.01,,,,1.2,0.06,,0.1567,0.1567,0.1567
SEP-19,6.31,,0.35,-3,-9.35,0.35,0.1,0.01,,,,1.2,0.06,,0.1567,0.1567,0.1567
SEP-26,6.31,,0.35,-3,-9.35,0.35,0.1,0.01,,,,1.2,0.06,,0.1567,0.1567,0.1567
AVG,6.309999999999999,,0.3499999999999999,-3,-9.35,0.3499999999999999,0.10000000000000002,0.01,,,,1.2,0.05999999999999999,,0.21131666666666665,0.21131666666666665,0.21131666666666665
OCT-1,6.31,,0.35,-3,-9.35,0.35,0.1,0.01,,,,1.2,0.06,,0.1567,0.1567,0.1567
OCT-3,6.31,,0.35,-3,-9.35,0.35,0.1,0.01,,,,1.2,0.06,,0.2506,0.2506,0.2506
OCT-10,6.31,,0.35,-3,-9.35,0.35,0.1,0.01,,,,1.2,0.06,,0.3211,0.3211,0.3211
OCT-17,6.31,,0.35,-3,-9.35,0.35,0.1,0.01,,,,1.2,0.06,,0.3211,0.3211,0.3211
OCT-24,6.31,,0.35,-3,-9.35,0.35,0.1,0.01,,,,1.2,0.06,,0.3211,0.3211,0.3211
OCT-31,6.31,,0.35,-3,-9.35,0.35,0.1,0.01,,,,1.2,0.06,,0.3211,0.3211,0.3211
AVG,6.309999999999999,,0.3499999999999999,-3,-9.350000000000001,0.3499999999999999,0.10000000000000002,0.010000000000000002,,,,1.2000000000000002,0.06,,0.2945741935483871,0.2945741935483871,0.2945741935483871
NOV-1,6.31,,0.35,-3,-9.35,0.35,0.1,0.01,,,,1.2,0.06,,0.3211,0.3211,0.3211
NOV-7,6.31,,0.35,-3,-9.35,0.35,0.1,0.01,,,,1.2,0.06,,-0.2396,-0.2396,-0.2396
NOV-14,6.31,,0.35,-3,-9.35,0.35,0.1,0.01,,,,1.2,0.06,,-0.3331,-0.3331,-0.3331
NOV-21,6.31,,0.35,-3,-9.35,0.35,0.1,0.01,,,,1.2,0.06,,-0.3331,-0.3331,-0.3331
NOV-28,6.31,,0.35,-3,-9.35,0.35,0.1,0.01,,,,1.2,0.06,,-0.3331,-0.3331,-0.3331
AVG,6.31,,0.34999999999999987,-3,-9.35,0.34999999999999987,0.10000000000000003,0.010000000000000002,,,,1.2,0.05999999999999999,,-0.18044333333333332,-0.18044333333333332,-0.18044333333333332
DEC-1,6.31,,0.35,-3,-9.35,0.35,0.1,0.01,,,,1.2,0.06,,-0.3109,-0.3109,-0.3109
DEC-5,6.31,,0.35,-3,-9.35,0.35,0.1,0.01,,,,1.2,0.06,,-0.2887,-0.2887,-0.2887
DEC-12,6.31,,0.35,-3,-9.35,0.35,0.1,0.01,,,,1.2,0.06,,-0.2887,-0.2887,-0.2887
DEC-19,6.31,,0.35,-3,-9.35,0.35,0.1,0.01,,,,1.2,0.06,,-0.2887,-0.2887,-0.2887
DEC-26,6.31,,0.35,-3,-9.35,0.35,0.1,0.01,,,,1.2,0.06,,-0.2887,-0.2887,-0.2887
AVG,6.309999999999999,,0.3499999999999999,-3,-9.350000000000001,0.3499999999999999,0.10000000000000002,0.01,,,,1.2000000000000002,0.06,,-0.2915645161290323,-0.2915645161290323,-0.2915645161290323
2017,,,,,,,,,,,,,,,,,
JAN-1,6.31,,0.35,-3,-9.35,0.35,0.1,0.01,,,,1.2,0.06,,-0.2887,-0.2887,-0.2887
JAN-2,6.31,,0.35,-3,-9.35,0.35,0.1,0.01,,,,1.2,0.06,,-0.2887,-0.2887,-0.2887
JAN-9,6.31,,0.35,-3,-9.35,0.35,0.1,0.01,,,,1.2,0.06,,-4.3138,-4.3138,-4.3138
JAN-16,6.31,,0.35,-3,-9.35,0.35,0.1,0.01,,,,1.2,0.06,,-4.9846,-4.9846,-4.9846
JAN-23,6.31,,0.35,-3,-9.35,0.35,0.1,0.01,,,,1.2,0.06,,-4.9846,-4.9846,-4.9846
JAN-30,6.31,,0.35,-3,-9.35,0.35,0.1,0.01,,,,1.2,0.06,,-4.9846,-4.9846,-4.9846
AVG,6.31,,0.3499999999999999,-3,-9.35,0.3499999999999999,0.10000000000000002,0.010000000000000002,,,,1.2,0.06,,-3.6212838709677424,-3.6212838709677424,-3.6212838709677424
FEB-1,6.31,,0.35,-3,-9.35,0.35,0.1,0.01,,,,1.2,0.06,,-4.9846,-4.9846,-4.9846
FEB-6,6.31,,0.35,-3,-9.35,0.35,0.1,0.01,,,,1.2,0.06,,-7.1975,-7.1975,-7.1975
FEB-13,6.31,,0.35,-3,-9.35,0.35,0.1,0.01,,,,1.2,0.06,,-7.5663,-7.5663,-7.5663
FEB-20,6.31,,0.35,-3,-9.35,0.35,0.1,0.01,,,,1.2,0.06,,-7.5663,-7.5663,-7.5663
FEB-27,6.31,,0.35,-3,-9.35,0.35,0.1,0.01,,,,1.2,0.06,,-7.5663,-7.5663,-7.5663
AVG,6.31,,0.3499999999999999,-3,-9.35,0.3499999999999999,0.10000000000000002,0.01,,,,1.2,0.05999999999999999,,-7.013082142857143,-7.013082142857143,-7.013082142857143
MAR-1,6.31,,0.35,-3,-9.35,0.35,0.1,0.01,,,,1.2,0.06,,-7.5663,-7.5663,-7.5663
MAR-6,6.31,,0.35,-3,-9.35,0.35,0.1,0.01,,,,1.2,0.06,,-6.9001,-6.9001,-6.9001
MAR-13,6.31,,0.35,-3,-9.35,0.35,0.1,0.01,,,,1.2,0.06,,-6.6336,-6.6336,-6.6336
MAR-20,6.31,,0.35,-3,-9.35,0.35,0.1,0.01,,,,1.2,0.06,,-6.6336,-6.6336,-6.6336
MAR-27,6.31,,0.35,-3,-9.35,0.35,0.1,0.01,,,,1.2,0.06,,-6.6336,-6.6336,-6.6336
AVG,6.309999999999999,,0.3499999999999999,-3,-9.350000000000001,0.3499999999999999,0.10000000000000002,0.01,,,,1.2000000000000002,0.06,,-6.844212903225807,-6.844212903225807,-6.844212903225807
APR-1,6.31,,0.35,-3,-9.35,0.35,0.1,0.01,,,,1.2,0.06,,-6.3663,-6.3663,-6.3663
APR-3,6.31,,0.35,-3,-9.35,0.35,0.1,0.01,,,,1.2,0.06,,-4.136,-4.136,-4.136
APR-10,6.31,,0.35,-3,-9.35,0.35,0.1,0.01,,,,1.2,0.06,,-3.7197,-3.7197,-3.7197
APR-17,6.31,,0.35,-3,-9.35,0.35,0.1,0.01,,,,1.2,0.06,,-3.7197,-3.7197,-3.7197
APR-24,6.31,,0.35,-3,-9.35,0.35,0.1,0.01,,,,1.2,0.06,,-3.7197,-3.7197,-3.7197
AVG,6.309999999999999,,0.3499999999999999,-3,-9.35,0.3499999999999999,0.10000000000000002,0.010000000000000002,,,,1.2,0.05999999999999999,,-3.993276666666667,-3.993276666666667,-3.993276666666667
MAY-1,6.31,,0.35,-3,-9.35,0.35,0.1,0.01,,,,1.2,0.06,,-1.9025,-1.9025,-1.9025
MAY-8,6.31,,0.35,-3,-9.35,0.35,0.1,0.01,,,,1.2,0.06,,-1.5996,-1.5996,-1.5996
MAY-15,6.31,,0.35,-3,-9.35,0.35,0.1,0.01,,,,1.2,0.06,,-1.5996,-1.5996,-1.5996
MAY-22,6.31,,0.35,-3,-9.35,0.35,0.1,0.01,,,,1.2,0.06,,-1.5996,-1.5996,-1.5996
MAY-29,6.31,,0.35,-3,-9.35,0.35,0.1,0.01,,,,1.2,0.06,,-1.5996,-1.5996,-1.5996
AVG,6.31,,0.3499999999999999,-3,-9.350000000000001,0.3499999999999999,0.10000000000000002,0.010000000000000002,,,,1.2000000000000002,0.06,,-1.6679967741935482,-1.6679967741935482,-1.6679967741935482
JUN-1,6.31,,0.35,-3,-9.35,0.35,0.1,0.01,,,,1.2,0.06,,-1.5996,-1.5996,-1.5996
JUN-5,6.31,,0.35,-3,-9.35,0.35,0.1,0.01,,,,1.2,0.06,,-1.5695,-1.5695,-1.5695
JUN-12,6.31,,0.35,-3,-9.35,0.35,0.1,0.01,,,,1.2,0.06,,-1.5469,-1.5469,-1.5469
JUN-19,6.31,,0.35,-3,-9.35,0.35,0.1,0.01,,,,1.2,0.06,,-1.5469,-1.5469,-1.5469
JUN-26,6.31,,0.35,-3,-9.35,0.35,0.1,0.01,,,,1.2,0.06,,-1.5469,-1.5469,-1.5469
AVG,6.309999999999999,,0.3499999999999999,-3,-9.35,0.3499999999999999,0.10000000000000002,0.01,,,,1.2,0.05999999999999999,,-1.5592,-1.5592,-1.5592
JUL-1,6.31,,0.35,-3,-9.35,0.35,0.1,0.01,,,,1.2,0.06,,-1.5469,-1.5469,-1.5469
JUL-3,6.31,,0.35,-3,-9.35,0.35,0.1,0.01,,,,1.2,0.06,,-0.7319,-0.7319,-0.7319
JUL-10,6.31,,0.35,-3,-9.35,0.35,0.1,0.01,,,,1.2,0.06,,-0.1207,-0.1207,-0.1207
JUL-17,6.31,,0.35,-3,-9.35,0.35,0.1,0.01,,,,1.2,0.06,,-0.1207,-0.1207,-0.1207
JUL-24,6.31,,0.35,-3,-9.35,0.35,0.1,0.01,,,,1.2,0.06,,-0.1207,-0.1207,-0.1207
JUL-31,6.31,,0.35,-3,-9.35,0.35,0.1,0.01,,,,1.2,0.06,,-0.1207,-0.1207,-0.1207
AVG,6.309999999999999,,0.3499999999999999,-3,-9.350000000000001,0.3499999999999999,0.10000000000000002,0.010000000000000002,,,,1.2000000000000002,0.06,,-0.3507258064516129,-0.3507258064516129,-0.3507258064516129
AUG-1,6.31,,0.35,-3,-9.35,0.35,0.1,0.01,,,,1.2,0.06,,-1.8775,-1.8775,-1.8775
AUG-7,6.31,,0.35,-3,-9.35,0.35,0.1,0.01,,,,1.2,0.06,,-2.7559,-2.7559,-2.7559
AUG-14,6.31,,0.35,-3,-9.35,0.35,0.1,0.01,,,,1.2,0.06,,-2.7559,-2.7559,-2.7559
AUG-21,6.31,,0.35,-3,-9.35,0.35,0.1,0.01,,,,1.2,0.06,,-2.7559,-2.7559,-2.7559
AUG-28,6.31,,0.35,-3,-9.35,0.35,0.1,0.01,,,,1.2,0.06,,-2.7559,-2.7559,-2.7559
AVG,6.31,,0.3499999999999999,-3,-9.35,0.3499999999999999,0.10000000000000002,0.01,,,,1.2,0.06,,-2.585887096774194,-2.585887096774194,-2.585887096774194
SEP-1,6.31,,0.35,-3,-9.35,0.35,0.1,0.01,,,,1.2,0.06,,-2.7559,-2.7559,-2.7559
SEP-4,6.31,,0.35,-3,-9.35,0.35,0.1,0.01,,,,1.2,0.06,,-3.3388,-3.3388,-3.3388
SEP-11,6.31,,0.35,-3,-9.35,0.35,0.1,0.01,,,,1.2,0.06,,-3.5719,-3.5719,-3.5719
SEP-18,6.31,,0.35,-3,-9.35,0.35,0.1,0.01,,,,1.2,0.06,,-3.5719,-3.5719,-3.5719
SEP-25,6.31,,0.35,-3,-9.35,0.35,0.1,0.01,,,,1.2,0.06,,-3.5719,-3.5719,-3.5719
AVG,6.309999999999999,,0.3499999999999999,-3,-9.35,0.3499999999999999,0.10000000000000002,0.010000000000000002,,,,1.2,0.05999999999999999,,-3.43591,-3.43591,-3.43591
OCT-1,6.31,,0.35,-3,-9.35,0.35,0.1,0.01,,,,1.2,0.06,,-3.5719,-3.5719,-3.5719
OCT-2,6.31,,0.35,-3,-9.35,0.35,0.1,0.01,,,,1.2,0.06,,-5.3002,-5.3002,-5.3002
OCT-9,6.31,,0.35,-3,-9.35,0.35,0.1,0.01,,,,1.2,0.06,,-6.5965,-6.5965,-6.5965
OCT-16,6.31,,0.35,-3,-9.35,0.35,0.1,0.01,,,,1.2,0.06,,-6.5965,-6.5965,-6.5965
OCT-23,6.31,,0.35,-3,-9.35,0.35,0.1,0.01,,,,1.2,0.06,,-6.5965,-6.5965,-6.5965
OCT-30,6.31,,0.35,-3,-9.35,0.35,0.1,0.01,,,,1.2,0.06,,-6.5965,-6.5965,-6.5965
AVG,6.31,,0.3499999999999999,-3,-9.35,0.3499999999999999,0.10000000000000002,0.010000000000000002,,,,1.2,0.06,,-6.2062193548387095,-6.2062193548387095,-6.2062193548387095
NOV-1,6.31,,0.35,-3,-9.35,0.35,0.1,0.01,,,,1.2,0.06,,-6.5965,-6.5965,-6.5965
NOV-6,6.31,,0.35,-3,-9.35,0.35,0.1,0.01,,,,1.2,0.06,,-6.3874,-6.3874,-6.3874
NOV-13,6.31,,0.35,-3,-9.35,0.35,0.1,0.01,,,,1.2,0.06,,-6.3525,-6.3525,-6.3525
NOV-20,6.31,,0.35,-3,-9.35,0.35,0.1,0.01,,,,1.2,0.06,,-6.3525,-6.3525,-6.3525
NOV-27,6.31,,0.35,-3,-9.35,0.35,0.1,0.01,,,,1.2,0.06,,-6.3525,-6.3525,-6.3525
AVG,6.31,,0.3499999999999999,-3,-9.35,0.3499999999999999,0.10000000000000002,0.01,,,,1.2,0.05999999999999999,,-6.40131,-6.40131,-6.40131
DEC-1,6.31,,0.35,-3,-9.35,0.35,0.1,0.01,,,,1.2,0.06,,-6.3525,-6.3525,-6.3525
DEC-4,6.31,,0.35,-3,-9.35,0.35,0.1,0.01,,,,1.2,0.06,,-6.3525,-6.3525,-6.3525
DEC-11,6.31,,0.35,-3,-9.35,0.35,0.1,0.01,,,,1.2,0.06,,-6.3525,-6.3525,-6.3525
DEC-18,6.31,,0.35,-3,-9.35,0.35,0.1,0.01,,,,1.2,0.06,,-6.3525,-6.3525,-6.3525
DEC-25,6.31,,0.35,-3,-9.35,0.35,0.1,0.01,,,,1.2,0.06,,-6.3525,-6.3525,-6.3525
AVG,6.309999999999999,,0.3499999999999999,-3,-9.35,0.3499999999999999,0.10000000000000002,0.010000000000000002,,,,1.2,0.06,,-6.3525,-6.3525,-6.3525
2018,,,,,,,,,,,,,,,,,
JAN-1,6.31,,0.35,-3,-9.35,0.35,0.1,0.01,,,,1.2,0.06,,-6.3525,-6.3525,-6.3525
JAN-8,6.31,,0.35,-3,-9.35,0.35,0.1,0.01,,,,1.2,0.06,,-6.3525,-6.3525,-6.3525
JAN-15,6.31,,0.35,-3,-9.35,0.35,0.1,0.01,,,,1.2,0.06,,-6.3525,-6.3525,-6.3525
JAN-22,6.31,,0.35,-3,-9.35,0.35,0.1,0.01,,,,1.2,0.06,,-6.3525,-6.3525,-6.3525
JAN-29,6.31,,0.35,-3,-9.35,0.35,0.1,0.01,,,,1.2,0.06,,-5.831,-5.831,-5.831
AVG,6.31,,0.3499999999999999,-3,-9.350000000000001,0.3499999999999999,0.10000000000000002,0.010000000000000002,,,,1.2000000000000002,0.06,,-6.302032258064516,-6.302032258064516,-6.302032258064516
FEB-1,6.31,,0.35,-3,-9.35,0.35,0.1,0.01,,,,1.2,0.06,,-4.788,-4.788,-4.788
FEB-5,6.31,,0.35,-3,-9.35,0.35,0.1,0.01,,,,1.2,0.06,,-4.788,-4.788,-4.788
FEB-12,6.31,,0.35,-3,-9.35,0.35,0.1,0.01,,,,1.2,0.06,,-3.5772,-3.5772,-3.5772
FEB-19,6.31,,0.35,-3,-9.35,0.35,0.1,0.01,,,,1.2,0.06,,-3.3754,-3.3754,-3.3754
FEB-26,6.31,,0.35,-3,-9.35,0.35,0.1,0.01,,,,1.2,0.06,,-3.3754,-3.3754,-3.3754
AVG,6.31,,0.3499999999999999,-3,-9.35,0.3499999999999999,0.10000000000000002,0.01,,,,1.2,0.05999999999999999,,-3.980800000000001,-3.980800000000001,-3.980800000000001
MAR-1,6.31,,0.35,-3,-9.35,0.35,0.1,0.01,,,,1.2,0.06,,-3.3754,-3.3754,-3.3754
MAR-5,6.31,,0.35,-3,-9.35,0.35,0.1,0.01,,,,1.2,0.06,,-3.3754,-3.3754,-3.3754
MAR-12,6.31,,0.35,-3,-9.35,0.35,0.1,0.01,,,,1.2,0.06,,-2.8328,-2.8328,-2.8328
MAR-19,6.31,,0.35,-3,-9.35,0.35,0.1,0.01,,,,1.2,0.06,,-2.7424,-2.7424,-2.7424
MAR-26,6.31,,0.35,-3,-9.35,0.35,0.1,0.01,,,,1.2,0.06,,-2.7424,-2.7424,-2.7424
AVG,6.309999999999999,,0.3499999999999999,-3,-9.350000000000001,0.3499999999999999,0.10000000000000002,0.01,,,,1.2000000000000002,0.06,,-2.9874258064516126,-2.9874258064516126,-2.9874258064516126
APR-1,6.31,,0.35,-3,-9.35,0.35,0.1,0.01,,,,1.2,0.06,,-2.7424,-2.7424,-2.7424
APR-2,6.31,,0.35,-3,-9.35,0.35,0.1,0.01,,,,1.2,0.06,,-2.7424,-2.7424,-2.7424
APR-9,6.31,,0.35,-3,-9.35,0.35,0.1,0.01,,,,1.2,0.06,,-2.7424,-2.7424,-2.7424
APR-16,6.31,,0.35,-3,-9.35,0.35,0.1,0.01,,,,1.2,0.06,,-2.7424,-2.7424,-2.7424
APR-23,6.31,,0.35,-3,-9.35,0.35,0.1,0.01,,,,1.2,0.06,,-2.7424,-2.7424,-2.7424
APR-30,6.31,,0.35,-3,-9.35,0.35,0.1,0.01,,,,1.2,0.06,,-2.7424,-2.7424,-2.7424
AVG,6.31,,0.3499999999999999,-3,-9.35,0.3499999999999999,0.10000000000000002,0.010000000000000002,,,,1.2,0.05999999999999999,,-2.7423999999999995,-2.7423999999999995,-2.7423999999999995
MAY-1,6.31,,0.35,-3,-9.35,0.35,0.1,0.01,,,,1.2,0.06,,-2.7424,-2.7424,-2.7424
MAY-7,6.31,,0.35,-3,-9.35,0.35,0.1,0.01,,,,1.2,0.06,,-2.7424,-2.7424,-2.7424
MAY-14,6.31,,0.35,-3,-9.35,0.35,0.1,0.01,,,,1.2,0.06,,-2.7424,-2.7424,-2.7424
MAY-21,6.31,,0.35,-3,-9.35,0.35,0.1,0.01,,,,1.2,0.06,,-2.7424,-2.7424,-2.7424
MAY-28,6.31,,0.35,-3,-9.35,0.35,0.1,0.01,,,,1.2,0.06,,-4.6584,-4.6584,-4.6584
AVG,6.31,,0.3499999999999999,-3,-9.35,0.3499999999999999,0.10000000000000002,0.01,,,,1.2,0.06,,-2.989625806451613,-2.989625806451613,-2.989625806451613
JUN-1,6.31,,0.35,-3,-9.35,0.35,0.1,0.01,,,,1.2,0.06,,-4.6584,-4.6584,-4.6584
JUN-4,6.4157,,0.4557,-2.8943,-9.2443,0.4557,0.1,0.01,,,,1.2,0.06,,-4.6584,-4.6584,-4.6584
JUN-11,6.68,,0.72,-2.63,-8.98,0.72,0.1,0.01,,,,1.2,0.06,,-4.2065,-4.2065,-4.2065
JUN-18,6.68,,0.72,-2.63,-8.98,0.72,0.1,-0.09,,,,1.2,0.06,,-4.1512,-4.1512,-4.1512
JUN-25,6.68,,0.72,-2.63,-8.98,0.72,0.1,-0.1917,,,,1.2,0.06,,-4.2646,-4.2646,-4.2646
AVG,6.581329999999999,,0.62133,-2.72867,-9.078669999999999,0.62133,0.10000000000000002,-0.05367333333333334,,,,1.2,0.05999999999999999,,-4.355850000000001,-4.355850000000001,-4.355850000000001
JUL-1,6.68,,0.72,-2.63,-8.98,0.72,0.1,-0.5,,-3.51,,1.2,0.06,,-4.2866,-4.2866,-4.2866
JUL-2,6.68,,0.72,-2.63,-8.98,0.72,0.1,-0.5,,-3.51,,1.2,0.06,,-4.6967,-4.6967,-4.6967
JUL-9,6.68,,0.72,-2.63,-8.98,0.72,0.1,-0.5,,-3.2757,,1.2,0.06,,-6.0924,-6.0924,-6.0924
JUL-16,6.68,,0.72,-2.63,-8.98,0.72,0.1,-0.2886,,-3.1,,1.2,0.06,,-6.4299,-6.4299,-6.4299
JUL-23,6.68,,0.72,-2.5157,-8.8657,0.72,0.1,-0.13,,-3.1,,1.2,0.06,,-5.6345,-5.6345,-5.6345
JUL-30,6.68,,0.72,-2.43,-8.78,0.72,0.1,-0.13,,-3.1,,1.2,0.06,,-5.4965,-5.4965,-5.4965
AVG,6.68,,0.72,-2.5912870967741934,-8.941287096774195,0.72,0.10000000000000002,-0.34484516129032255,,-3.2454806451612908,,1.2,0.06,,-5.653358064516129,-5.653358064516129,-5.653358064516129
AUG-1,6.68,,0.72,-2.43,-8.78,0.72,0.1,0.01,,-3.1,,1.2,0.06,,-5.8742,-5.8742,-5.8742
AUG-6,6.68,,0.72,-2.43,-8.78,0.72,0.1,0.01,,-3.1,,1.2,0.06,,-5.8742,-5.8742,-5.8742
AUG-13,6.68,,0.72,-2.43,-8.78,0.72,0.1,0.01,,-3.1,,1.2,0.06,,-6.2426,-6.2426,-6.2426
AUG-20,6.68,,0.72,-2.43,-8.78,0.72,0.1,0.01,,-3.1,,1.2,0.06,,-6.3899,-6.3899,-6.3899
AUG-27,6.68,,0.72,-2.43,-8.78,0.72,0.1,0.01,,-3.1,,1.2,0.06,,-6.4625,-6.4625,-6.4625
AVG,6.68,,0.72,-2.4300000000000006,-8.779999999999998,0.72,0.10000000000000002,0.01,,-3.1,,1.2000000000000002,0.06,,-6.168722580645161,-6.168722580645161,-6.168722580645161
SEP-1,6.68,,0.72,-2.43,-8.78,0.72,0.1,0.01,,-3.1,,1.2,0.06,,-6.4806,-6.4806,-6.4806
SEP-3,6.68,,0.72,-2.2871,-8.2086,0.72,0.1,-0.0814,,-3.1,,1.2,0.06,,-6.4806,-6.4806,-6.4806
SEP-10,6.68,,0.72,-2.18,-7.78,0.72,0.1,-0.15,,-3.1,,1.2,0.06,,-6.8532,-6.8532,-6.8532
SEP-17,6.68,,0.72,-2.18,-7.78,0.72,0.1,-0.15,,-3.1,,1.2,0.06,,-6.9153,-6.9153,-6.9153
SEP-24,6.68,,0.72,-2.18,-7.78,0.72,0.1,-0.3,,-3.1,,1.2,0.06,,-7.4864,-7.4864,-7.4864
AVG,6.679999999999999,,0.72,-2.221656666666667,-7.946673333333334,0.72,0.10000000000000002,-0.15832666666666667,,-3.1,,1.2,0.05999999999999999,,-6.9036566666666666,-6.9036566666666666,-6.9036566666666666
OCT-1,6.68,,0.72,-2.18,-7.78,0.72,0.1,-0.8143,,-3.1,,1.2,0.06,,-7.5816,-7.5816,-7.5816
OCT-8,6.68,,0.72,-2.18,-7.78,0.72,0.1,-1,,-3.1,,1.2,0.06,,-7.7906,-7.7906,-7.7906
OCT-15,6.68,,0.72,-2.18,-7.78,0.72,0.1,-0.8286,,-3.1,,1.2,0.06,,-7.8254,-7.8254,-7.8254
OCT-22,6.7943,,0.8343,-2.0657,-7.6657,0.8343,0.1,-0.6,,-3.1,,1.2,0.06,,-7.1356,-7.1356,-7.1356
OCT-29,7.08,,1.12,-1.78,-7.38,1.12,0.1,-0.6,,-3.1,,1.2,0.06,,-6.8597,-6.8597,-6.8597
AVG,6.74451935483871,,0.7845193548387097,-2.1154806451612904,-7.715480645161289,0.7845193548387097,0.10000000000000002,-0.7903322580645161,,-3.0999999999999996,,1.2000000000000002,0.06,,-7.513274193548388,-7.513274193548388,-7.513274193548388
NOV-1,7.38,,1.42,-1.48,-7.08,1.42,0.1,-0.295,,-2.8,,1.2,0.06,,-6.8597,-6.8597,-6.8597
NOV-5,7.8514,,1.8914,-1.0086,-6.6086,1.8914,0.1,0.1729,,-2.5,,1.2,0.06,,-4.5386,-4.5386,-4.5386
NOV-12,8.2943,,2.3343,-0.5657,-6.1657,2.3343,0.1,0.4143,,-2.2857,,1.2,0.06,,-4.1518,-4.1518,-4.1518
NOV-19,8.58,,2.62,-0.28,-5.88,2.62,0.1,0.7,,-2,,1.2,0.06,,-1.9718,-1.9718,-1.9718
NOV-26,8.58,,2.62,-0.28,-5.88,2.62,0.1,0.7,,-2,,1.2,0.06,,-1.6085,-1.6085,-1.6085
AVG,8.18333,,2.2233300000000003,-0.67667,-6.276669999999999,2.2233300000000003,0.10000000000000002,0.37767999999999996,,-2.2899966666666667,,1.2,0.05999999999999999,,-3.670556666666667,-3.670556666666667,-3.670556666666667
DEC-1,8.58,,2.62,-0.28,-5.88,2.62,0.1,0.7,,-4,,1.2,0.06,,-1.6085,-1.6085,-1.6085
DEC-3,8.58,,2.62,-0.28,-5.88,2.62,0.1,0.7,,-4,,1.2,0.06,,-0.9469,-0.9469,-0.9469
DEC-10,8.58,,2.62,-0.28,-5.88,2.62,0.1,0.7,,-4,,1.2,0.06,,-0.8366,-0.8366,-0.8366
DEC-17,8.58,,2.62,-0.28,-5.88,2.62,0.1,0.7,,-4,,1.2,0.06,,-0.621,-0.621,-0.621
DEC-24,8.1514,,2.1914,-0.7086,-6.3086,2.1914,0.1,0.2714,,-4.4286,,1.2,0.06,,-0.5851,-0.5851,-0.5851
DEC-31,8.08,,2.12,-0.78,-6.38,2.12,0.1,0.2,,-4.5,,1.2,0.06,,-0.5851,-0.5851,-0.5851
AVG,8.467090322580646,,2.5070903225806456,-0.3929096774193549,-5.992909677419354,2.5070903225806456,0.10000000000000002,0.5870903225806451,,-4.112909677419355,,1.2000000000000002,0.06,,-0.7977193548387096,-0.7977193548387096,-0.7977193548387096
2019,,,,,,,,,,,,,,,,,
JAN-1,8.08,,2.12,-0.78,-6.38,2.12,0.1,0.2,,-4.5,,1.2,0.06,,-0.1456,-0.1456,-0.1456
JAN-7,8.08,,2.12,-0.78,-6.38,2.12,0.1,0.2,,-4.5,,1.2,0.06,,0.0742,0.0742,0.0742
JAN-14,8.08,,2.12,-0.78,-6.38,2.12,0.1,0.2,,-4.5,,1.2,0.06,,0.2273,0.2273,0.2273
JAN-21,8.08,,2.12,-0.78,-6.38,2.12,0.1,0.2,,-4.5,,1.2,0.06,,0.2528,0.2528,0.2528
JAN-28,8.08,,2.12,-0.78,-6.38,2.12,0.1,0.2,,-4.5,,1.2,0.06,,0.01,0.01,0.01
AVG,8.08,,2.1200000000000006,-0.7800000000000001,-6.38,2.1200000000000006,0.10000000000000002,0.20000000000000004,,-4.5,,1.2,0.06,,0.0982741935483871,0.0982741935483871,0.0982741935483871
FEB-1,8.08,,2.12,-0.78,-6.38,2.12,0.1,0.2,,-4.5,,1.2,0.06,,-0.071,-0.071,-0.071
FEB-4,8.08,,2.12,-0.78,-6.38,2.12,0.1,0.2,,-4.5,,1.2,0.06,,-0.071,-0.071,-0.071
FEB-11,8.08,,2.12,-0.78,-6.38,2.12,0.1,0.2,,-4.5,,1.2,0.06,,-0.0929,-0.0929,-0.0929
FEB-18,8.08,,2.12,-0.78,-6.38,2.12,0.1,0.2,,-4.5,,1.2,0.06,,-0.0966,-0.0966,-0.0966
FEB-25,8.08,,2.12,-0.78,-6.38,2.12,0.1,0.2,,-4.5,,1.2,0.06,,-0.7619,-0.7619,-0.7619
AVG,8.08,,2.12,-0.78,-6.380000000000001,2.12,0.1,0.2,,-4.5,,1.1999999999999997,0.06,,-0.18157500000000001,-0.18157500000000001,-0.18157500000000001
MAR-1,8.08,,2.12,-0.78,-6.38,2.12,0.1,0.2,,-4.5,,1.2,0.06,,-0.9837,-0.9837,-0.9837
MAR-4,8.08,,2.12,-0.78,-6.38,2.12,0.1,0.2,,-4.5,,1.2,0.06,,-0.9837,-0.9837,-0.9837
MAR-11,8.08,,2.12,-0.78,-6.38,2.12,0.1,0.2,,-4.5,,1.2,0.06,,-1.7127,-1.7127,-1.7127
MAR-18,8.08,,2.12,-0.78,-6.38,2.12,0.1,0.2,,-4.5,,1.2,0.06,,-1.8342,-1.8342,-1.8342
MAR-25,8.08,,2.12,-0.78,-6.38,2.12,0.1,0.2,,-4.5,,1.2,0.06,,-2.4936,-2.4936,-2.4936
AVG,8.08,,2.12,-0.78,-6.38,2.12,0.10000000000000002,0.20000000000000004,,-4.5,,1.2,0.06,,-1.6813064516129033,-1.6813064516129033,-1.6813064516129033
APR-1,8.08,,2.12,-0.78,-6.38,2.12,0.1,0.2,,-4.5,,1.2,0.06,,-2.6035,-2.6035,-2.6035
APR-8,8.08,,2.12,-0.78,-6.38,2.12,0.1,0.2,,-4.5,,1.2,0.06,,-2.9003,-2.9003,-2.9003
APR-15,8.08,,2.12,-0.78,-6.38,2.12,0.1,0.2,,-4.5,,1.2,0.06,,-3.019,-3.019,-3.019
APR-22,8.08,,2.12,-0.78,-6.38,2.12,0.1,0.2,,-4.5,,1.2,0.06,,-3.3374,-3.3374,-3.3374
APR-29,8.08,,2.12,-0.78,-6.38,2.12,0.1,0.2,,-4.5,,1.2,0.06,,-3.3905,-3.3905,-3.3905
AVG,8.08,,2.12,-0.7799999999999999,-6.379999999999999,2.12,0.10000000000000002,0.20000000000000004,,-4.5,,1.2,0.05999999999999999,,-2.9934133333333337,-2.9934133333333337,-2.9934133333333337
MAY-1,8.08,,2.12,-0.78,-6.38,2.12,0.1,0.2,,-4.5,,1.2,0.06,,-3.3905,-3.3905,-3.3905
MAY-6,8.08,,2.12,-0.78,-6.38,2.12,0.1,0.2,,-4.5,,1.2,0.06,,-3.6083,-3.6083,-3.6083
MAY-13,8.08,,2.12,-0.78,-6.38,2.12,0.1,0.2,,-4.5,,1.2,0.06,,-3.6954,-3.6954,-3.6954
MAY-20,8.08,,2.12,-0.78,-6.38,2.12,0.1,0.2,,-4.5,,1.2,0.06,,-2.1623,-2.1623,-2.1623
MAY-27,8.08,,2.12,-0.78,-6.38,2.12,0.1,0.2,,-4.5,,1.2,0.06,,-1.5491,-1.5491,-1.5491
AVG,8.08,,2.12,-0.78,-6.38,2.12,0.10000000000000002,0.20000000000000004,,-4.5,,1.2000000000000002,0.06,,-2.934193548387097,-2.934193548387097,-2.934193548387097
JUN-1,8.08,,2.12,-0.78,-6.38,2.12,0.1,0.2,-0.65,-4.5,,1.2,0.06,,-1.5491,-1.5491,-1.5491
JUN-3,8.08,,2.12,-0.78,-6.38,2.12,0.1,0.2,-0.65,-4.5,,1.2,0.06,,-0.674,-0.674,-0.674
JUN-10,8.08,,2.12,-0.78,-6.38,2.12,0.1,0.2,-0.65,-4.5,,1.2,0.06,,-0.324,-0.324,-0.324
JUN-17,8.08,,2.12,-0.78,-6.38,2.12,0.1,0.2,-0.65,-4.5,,1.2,0.06,,1.6218,1.6218,1.6218
JUN-24,8.08,,2.12,-0.78,-6.38,2.12,0.1,0.2,-0.65,-4.5,,1.2,0.06,,1.9461,1.9461,1.9461
AVG,8.08,,2.12,-0.78,-6.379999999999999,2.12,0.10000000000000002,0.20000000000000004,-0.65,-4.5,,1.2,0.05999999999999999,,0.4963699999999999,0.4963699999999999,0.4963699999999999
JUL-1,8.08,,2.12,-0.78,-6.38,2.12,0.1,0.2,-0.65,-4.5,,1.2,0.06,,1.8207,1.8207,1.8207
JUL-8,8.08,,2.12,-0.78,-6.38,2.12,0.1,0.2,-0.65,-4.5,,1.2,0.06,,1.7998,1.7998,1.7998
JUL-15,8.08,,2.12,-0.78,-6.38,2.12,0.1,0.2,-0.65,-4.5,,1.2,0.06,,1.5114,1.5114,1.5114
JUL-22,8.08,,2.12,-0.78,-6.38,2.12,0.1,0.2,-0.65,-4.5,,1.2,0.06,,1.4633,1.4633,1.4633
JUL-29,8.08,,2.12,-0.78,-6.38,2.12,0.1,0.2,-0.65,-4.5,,1.2,0.06,,1.6003,1.6003,1.6003
AVG,8.08,,2.12,-0.78,-6.379999999999999,2.12,0.10000000000000002,0.20000000000000004,-0.6499999999999999,-4.5,,1.2000000000000002,0.06,,1.6441064516129031,1.6441064516129031,1.6441064516129031
AUG-1,8.08,,2.12,-0.78,-6.38,2.12,0.1,0.2,-0.65,-4.5,,1.2,0.06,,1.8744,1.8744,1.8744
AUG-5,8.08,,2.12,-0.78,-6.38,2.12,0.1,0.2857,-0.5643,-4.4143,,1.2,0.06,,1.8744,1.8744,1.8744
AUG-12,8.08,,2.12,-0.78,-6.38,2.12,0.1,0.5,-0.35,-4.2,,1.2,0.06,,1.9558,1.9558,1.9558
AUG-19,8.08,,2.12,-0.78,-6.38,2.12,0.1,0.5,-0.35,-4.2,,1.2,0.06,,1.9884,1.9884,1.9884
AUG-26,8.08,,2.12,-0.78,-6.38,2.12,0.1,0.5,-0.35,-4.2,,1.2,0.06,,2.6745,2.6745,2.6745
AVG,8.08,,2.12,-0.78,-6.38,2.12,0.10000000000000002,0.41290000000000004,-0.43709999999999993,-4.287100000000001,,1.2000000000000002,0.06,,2.0733806451612904,2.0733806451612904,2.0733806451612904
SEP-1,8.08,,2.12,-0.78,-6.38,2.12,0.1,0.5,-0.35,-4.2,,1.2,0.06,,2.8117,2.8117,2.8117
SEP-2,8.08,,2.12,-0.78,-6.38,2.12,0.1,0.5,-0.35,-4.2,,1.2,0.06,,2.8117,2.8117,2.8117
SEP-9,8.08,,2.12,-0.78,-6.38,2.12,0.1,0.5,-0.35,-4.2,,1.2,0.06,,2.3029,2.3029,2.3029
SEP-16,7.3657,,1.4057,-1.4943,-7.0943,1.4057,0.1,0.0714,-0.7786,-4.6286,,1.2,0.06,,2.2181,2.2181,2.2181
SEP-23,7.08,,1.12,-1.78,-7.38,1.12,0.1,-0.1,-0.95,-4.8,,1.2,0.06,,1.0805,1.0805,1.0805
SEP-30,7.08,,1.12,-1.78,-7.38,1.12,0.1,-0.1,-0.95,-4.8,,1.2,0.06,,0.8909,0.8909,0.8909
AVG,7.6466633333333345,,1.6866633333333332,-1.2133366666666667,-6.813336666666666,1.6866633333333332,0.10000000000000002,0.23999333333333336,-0.6100066666666666,-4.460006666666668,,1.2,0.05999999999999999,,2.0865,2.0865,2.0865
OCT-1,7.08,,1.12,-1.78,-7.38,1.12,0.1,0.05,-1.8,-2.55,,1.2,0.06,,0.8909,0.8909,0.8909
OCT-7,7.08,,1.12,-1.78,-7.38,1.12,0.1,0.05,-1.8,-2.55,,1.2,0.06,,-0.3474,-0.3474,-0.3474
OCT-14,7.08,,1.12,-1.78,-7.38,1.12,0.1,0.05,-1.8,-2.55,,1.2,0.06,,-0.5538,-0.5538,-0.5538
OCT-21,7.08,,1.12,-1.78,-7.38,1.12,0.1,0.05,-1.8,-2.55,,1.2,0.06,,-0.6561,-0.6561,-0.6561
OCT-28,7.08,,1.12,-1.78,-7.38,1.12,0.1,0.05,-1.8,-2.55,,1.2,0.06,,-0.6732,-0.6732,-0.6732
AVG,7.080000000000001,,1.1199999999999999,-1.78,-7.38,1.1199999999999999,0.10000000000000002,0.05000000000000001,-1.8,-2.55,,1.2,0.06,,-0.2660806451612903,-0.2660806451612903,-0.2660806451612903
NOV-1,7.08,,1.12,-1.78,-7.38,1.12,0.1,0.05,-1.8,-2.55,,1.2,0.06,,-0.6732,-0.6732,-0.6732
NOV-4,7.08,,1.12,-1.78,-7.38,1.12,0.1,0.05,-1.8,-2.55,,1.2,0.06,,-0.6367,-0.6367,-0.6367
NOV-11,7.08,,1.12,-1.78,-7.38,1.12,0.1,0.05,-1.8,-2.55,,1.2,0.06,,-0.6093,-0.6093,-0.6093
NOV-18,7.08,,1.12,-1.78,-7.38,1.12,0.1,0.05,-1.8,-2.55,,1.2,0.06,,-0.0708,-0.0708,-0.0708
NOV-25,7.08,,1.12,-1.78,-7.38,1.12,0.1,0.05,-1.8,-2.55,,1.2,0.06,,0.019,0.019,0.019
AVG,7.080000000000001,,1.12,-1.78,-7.38,1.12,0.10000000000000002,0.05000000000000001,-1.8,-2.5499999999999994,,1.2,0.05999999999999999,,-0.37077333333333323,-0.37077333333333323,-0.37077333333333323
DEC-1,7.08,,1.12,-1.78,-7.38,1.12,0.1,0.05,-1.8,-2.55,,1.2,0.06,,0.019,0.019,0.019
DEC-2,7.08,,1.12,-1.78,-7.38,1.12,0.1,0.05,-1.8,-2.55,,1.2,0.06,,-0.3811,-0.3811,-0.3811
DEC-9,7.08,,1.12,-1.78,-7.38,1.12,0.1,0.05,-1.8,-2.55,,1.2,0.06,,-0.4478,-0.4478,-0.4478
DEC-16,7.08,,1.12,-1.78,-7.38,1.12,0.1,0.05,-1.8,-2.55,,1.2,0.06,,-1.1453,-1.1453,-1.1453
DEC-23,6.5486,,0.5886,-2.3144,-7.9114,0.8556,0.1,-0.3671,-2.4457,-3.8586,,1.2,0.06,,-1.2615,-1.2615,-1.2615
DEC-30,6.15,,0.19,-2.71,-8.31,0.19,0.1,-0.68,-2.93,-4.84,,1.2,0.06,,-1.2615,-1.2615,-1.2615
AVG,6.900006451612904,,0.9400064516129032,-1.9606709677419356,-7.559993548387097,1.0002967741935485,0.10000000000000002,-0.09128064516129032,-2.0187064516129034,-2.993232258064516,,1.2,0.06,,-0.811416129032258,-0.811416129032258,-0.811416129032258
2020,,,,,,,,,,,,,,,,,
JAN-1,6.15,,0.19,-2.71,-8.31,0.19,0.1,-0.68,-2.93,-4.84,,1.2,0.06,,-2.68,-2.68,-2.68
JAN-6,6.4157,,0.4557,-2.4443,-8.0443,0.4557,0.1,-0.4143,-2.6643,-4.5743,,1.2,0.06,,-3.6256,-3.6256,-3.6256
JAN-13,7.08,,1.12,-1.78,-7.38,1.12,0.1,0.25,-2,-3.91,,1.2,0.06,,-3.9209,-3.9209,-3.9209
JAN-20,7.08,,1.12,-1.78,-7.38,1.12,0.1,0.25,-2,-3.91,,1.2,0.06,,-3.9701,-3.9701,-3.9701
JAN-27,7.08,,1.12,-1.78,-7.38,1.12,0.1,0.25,-2,-3.91,,1.2,0.06,,-3.4387,-3.4387,-3.4387
AVG,6.779996774193548,,0.8199967741935484,-2.080003225806452,-7.680003225806452,0.8199967741935484,0.10000000000000002,-0.050003225806451626,-2.3000032258064516,-4.210003225806452,,1.2000000000000002,0.06,,-3.5874096774193553,-3.5874096774193553,-3.5874096774193553
FEB-1,7.08,,1.12,-1.78,-7.38,1.12,0.1,0.25,-2,-3.91,,1.2,0.06,,-3.3058,-3.3058,-3.3058
FEB-3,7.08,,1.12,-1.78,-7.38,1.12,0.1,0.25,-2,-3.91,,1.2,0.06,,-3.3058,-3.3058,-3.3058
FEB-10,7.08,,1.12,-1.78,-7.38,1.12,0.1,0.25,-2,-3.91,,1.2,0.06,,-1.9615,-1.9615,-1.9615
FEB-17,7.08,,1.12,-1.78,-7.38,1.12,0.1,0.25,-2,-3.91,,1.2,0.06,,-1.4238,-1.4238,-1.4238
FEB-24,7.08,,1.12,-1.78,-7.38,1.12,0.1,0.5,-2.1667,-4.0767,,1.2,0.06,,-0.7696,-0.7696,-0.7696
AVG,7.08,,1.12,-1.7799999999999998,-7.380000000000001,1.12,0.1,0.3017241379310345,-2.034489655172414,-3.944489655172414,,1.2,0.05999999999999999,,-2.002306896551724,-2.002306896551724,-2.002306896551724
MAR-1,7.08,,1.12,-1.78,-7.38,1.12,0.1,1,-2.5,-4.41,,1.2,0.06,,-0.6388,-0.6388,-0.6388
MAR-2,7.08,,1.12,-1.78,-7.38,1.12,0.1,1,-2.5,-4.41,,1.2,0.06,,-0.6388,-0.6388,-0.6388
MAR-9,7.08,,1.12,-1.78,-7.38,1.12,0.1,1.2857,-2.2143,-4.1243,,1.2,0.06,,-0.1715,-0.1715,-0.1715
MAR-16,7.08,,1.12,-1.78,-7.38,1.12,0.1,1.5,-2,-3.91,,1.2,0.06,,-0.0936,-0.0936,-0.0936
MAR-23,6.6514,,0.6914,-2.2086,-7.1657,0.6914,0.1,1.0714,-2.4286,-4.1243,,1.2,0.06,,1.8534,1.8534,1.8534
MAR-30,6.58,,0.62,-2.28,-7.13,0.62,0.1,1,-2.5,-4.16,,1.2,0.06,,2.1779,2.1779,2.1779
AVG,6.95096129032258,,0.9909612903225806,-1.9090387096774195,-7.31548064516129,0.9909612903225806,0.10000000000000002,1.1935387096774193,-2.306461290322581,-4.151941935483872,,1.2,0.06,,0.3343064516129032,0.3343064516129032,0.3343064516129032
APR-1,6.58,,0.62,-2.28,-7.13,0.62,0.1,1,-2.5,-4.16,,1.2,0.06,,2.1779,2.1779,2.1779
APR-6,6.58,,0.62,-2.28,-7.13,0.62,0.1,1,-2.5,-4.16,,1.2,0.06,,3.1685,3.1685,3.1685
APR-13,6.58,,0.62,-2.28,-7.13,0.62,0.1,1,-2.5,-4.16,,1.2,0.06,,3.5647,3.5647,3.5647
APR-20,6.58,,0.62,-2.28,-7.13,0.62,0.1,1,-2.5,-4.16,,1.2,0.06,,1.1236,1.1236,1.1236
APR-27,6.58,,0.62,-2.28,-7.13,0.62,0.1,1,-2.5,-4.16,,1.2,0.06,,0.7167,0.7167,0.7167
AVG,6.58,,0.6199999999999999,-2.2800000000000002,-7.13,0.6199999999999999,0.10000000000000002,1,-2.5,-4.16,,1.2,0.05999999999999999,,2.291796666666667,2.291796666666667,2.291796666666667
MAY-1,6.58,,0.62,-2.28,-7.13,0.62,0.1,1,-2.5,-4.16,,1.2,0.06,,0.7167,0.7167,0.7167
MAY-4,6.58,,0.62,-2.28,-7.13,0.62,0.1,1,-2.5,-4.16,,1.2,0.06,,0.0574,0.0574,0.0574
MAY-11,6.58,,0.62,-2.28,-7.13,0.62,0.1,1,-2.5,-4.16,,1.2,0.06,,-0.2063,-0.2063,-0.2063
MAY-18,6.58,,0.62,-2.28,-7.13,0.62,0.1,1,-2.5,-4.16,,1.2,0.06,,1.4542,1.4542,1.4542
MAY-25,6.58,,0.62,-2.28,-7.13,0.62,0.1,1,-2.5,-4.16,,1.2,0.06,,1.7309,1.7309,1.7309
AVG,6.580000000000001,,0.62,-2.28,-7.13,0.62,0.10000000000000002,1,-2.5,-4.16,,1.2,0.06,,0.7549516129032259,0.7549516129032259,0.7549516129032259
JUN-1,6.58,,0.62,-2.28,-7.13,0.62,0.1,1,-2.5,-4.16,,1.2,0.06,,1.0131,1.0131,1.0131
JUN-8,6.58,,0.62,-2.28,-7.13,0.62,0.1,1,-2.5,-4.16,,1.2,0.06,,0.8935,0.8935,0.8935
JUN-15,6.58,,0.62,-2.28,-7.13,0.62,0.1,1,-2.5,-4.16,,1.2,0.06,,0.9996,0.9996,0.9996
JUN-22,6.58,,0.62,-2.28,-7.13,0.62,0.1,1,-2.5,-4.16,,1.2,0.06,,1.0173,1.0173,1.0173
JUN-29,6.58,,0.62,-2.28,-7.13,0.62,0.1,1,-2.5,-4.16,,1.2,0.06,,1.2596,1.2596,1.2596
AVG,6.58,,0.6199999999999999,-2.28,-7.129999999999999,0.6199999999999999,0.10000000000000002,1,-2.5,-4.16,,1.2,0.05999999999999999,,0.9994566666666668,0.9994566666666668,0.9994566666666668
JUL-1,6.58,,0.62,-2.28,-7.13,0.62,0.1,1,-2.5,-4.16,,1.2,0.06,,1.5019,1.5019,1.5019
JUL-6,6.58,,0.62,-2.28,-7.13,0.62,0.1,1,-2.5,-4.16,,1.2,0.06,,1.5019,1.5019,1.5019
JUL-13,6.58,,0.62,-2.28,-7.13,0.62,0.1,1,-2.5,-4.16,,1.2,0.06,,1.135,1.135,1.135
JUL-20,6.58,,0.62,-2.28,-7.13,0.62,0.1,1,-2.5,-4.16,,1.2,0.06,,1.0738,1.0738,1.0738
JUL-27,6.58,,0.62,-2.28,-7.13,0.62,0.1,1,-2.5,-4.16,,1.2,0.06,,0.7246,0.7246,0.7246
AVG,6.580000000000001,,0.62,-2.2800000000000002,-7.13,0.62,0.10000000000000002,1,-2.5,-4.16,,1.2000000000000002,0.06,,1.1970129032258063,1.1970129032258063,1.1970129032258063
AUG-1,6.58,,0.62,-2.28,-7.13,0.62,0.1,1,-2.5,-4.16,,1.2,0.06,,0.2009,0.2009,0.2009
AUG-3,6.58,,0.62,-2.28,-7.13,0.62,0.1,1,-2.5,-4.16,,1.2,0.06,,0.2009,0.2009,0.2009
AUG-10,6.58,,0.62,-2.28,-7.13,0.62,0.1,1,-2.5,-4.16,,1.2,0.06,,-0.2819,-0.2819,-0.2819
AUG-17,6.58,,0.62,-2.28,-7.13,0.62,0.1,1,-2.5,-4.16,,1.2,0.06,,-0.3624,-0.3624,-0.3624
AUG-24,6.58,,0.62,-2.28,-7.13,0.62,0.1,1,-2.5,-4.16,,1.2,0.06,,-0.1707,-0.1707,-0.1707
AUG-31,6.58,,0.62,-2.28,-7.13,0.62,0.1,1,-2.5,-4.16,,1.2,0.06,,-0.1388,-0.1388,-0.1388
AVG,6.580000000000001,,0.6200000000000001,-2.28,-7.13,0.6200000000000001,0.10000000000000002,1,-2.5,-4.16,,1.2000000000000002,0.06,,-0.13018387096774192,-0.13018387096774192,-0.13018387096774192
SEP-1,6.58,,0.62,-2.28,-7.13,0.62,0.1,1,-2.5,-4.16,,1.2,0.06,,-0.1388,-0.1388,-0.1388
SEP-7,6.58,,0.62,-2.28,-7.13,0.62,0.1,1,-2.5,-4.16,,1.2,0.06,,-0.5556,-0.5556,-0.5556
SEP-14,6.58,,0.62,-2.28,-7.13,0.62,0.1,1,-2.5,-4.16,,1.2,0.06,,-0.7223,-0.7223,-0.7223
SEP-21,6.58,,0.62,-2.28,-7.13,0.62,0.1,1,-2.5,-4.16,,1.2,0.06,,-0.667,-0.667,-0.667
SEP-28,6.58,,0.62,-2.28,-7.13,0.62,0.1,1,-2.5,-4.16,,1.2,0.06,,-0.6578,-0.6578,-0.6578
AVG,6.580000000000001,,0.6199999999999999,-2.2800000000000002,-7.129999999999999,0.6199999999999999,0.10000000000000003,1,-2.5,-4.16,,1.2,0.05999999999999999,,-0.54735,-0.54735,-0.54735
OCT-1,6.58,,0.62,-2.28,-7.13,0.62,0.1,1,-2.5,-4.16,,1.2,0.06,,-0.6578,-0.6578,-0.6578
OCT-5,6.58,,0.62,-2.28,-7.13,0.62,0.1,1,-2.5,-4.16,,1.2,0.06,,-0.9353,-0.9353,-0.9353
OCT-12,6.58,,0.62,-2.28,-7.13,0.62,0.1,1,-2.5,-4.16,,1.2,0.06,,-0.9815,-0.9815,-0.9815
OCT-19,6.58,,0.62,-2.28,-7.13,0.62,0.1,1,-2.5,-4.16,,1.2,0.06,,-2.2273,-2.2273,-2.2273
OCT-26,6.58,,0.62,-2.28,-7.13,0.62,0.1,1,-2.5,-4.16,,1.2,0.06,,-2.4349,-2.4349,-2.4349
AVG,6.580000000000001,,0.62,-2.2800000000000002,-7.129999999999999,0.62,0.10000000000000002,1,-2.5,-4.16,,1.2000000000000002,0.06,,-1.4919129032258065,-1.4919129032258065,-1.4919129032258065
NOV-1,6.58,,0.62,-2.28,-7.13,0.62,0.1,1,-2.5,-4.16,,1.2,0.06,,-2.4349,-2.4349,-2.4349
NOV-2,6.58,,0.62,-2.28,-7.13,0.62,0.1,1,-2.5,-4.16,,1.2,0.06,,-3.2354,-3.2354,-3.2354
NOV-9,6.58,,0.62,-2.28,-7.13,0.62,0.1,1,-2.5,-4.16,,1.2,0.06,,-3.3688,-3.3688,-3.3688
NOV-16,6.58,,0.62,-2.28,-7.13,0.62,0.1,1,-2.5,-4.16,,1.2,0.06,,-3.3608,-3.3608,-3.3608
NOV-23,6.58,,0.62,-2.28,-7.13,0.62,0.1,1,-2.5,-4.16,,1.2,0.06,,-3.3595,-3.3595,-3.3595
NOV-30,6.58,,0.62,-2.28,-7.13,0.62,0.1,1,-2.5,-4.16,,1.2,0.06,,-3.3595,-3.3595,-3.3595
AVG,6.58,,0.62,-2.28,-7.129999999999999,0.62,0.10000000000000002,1,-2.5,-4.16,,1.2,0.05999999999999999,,-3.3021966666666667,-3.3021966666666667,-3.3021966666666667
DEC-1,6.58,,0.62,-2.28,-7.13,0.62,0.1,1,-2.5,-4.16,,1.2,0.06,,-3.2351,-3.2351,-3.2351
DEC-7,6.58,,0.62,-2.28,-7.13,0.62,0.1,1,-2.5,-4.16,,1.2,0.06,,-3.2351,-3.2351,-3.2351
DEC-14,6.58,,0.62,-2.28,-7.13,0.62,0.1,1,-2.5,-4.16,,1.2,0.06,,-3.65,-3.65,-3.65
DEC-21,6.58,,0.62,-2.28,-7.13,0.62,0.1,1,-2.5,-4.16,,1.2,0.06,,-3.7192,-3.7192,-3.7192
DEC-28,6.58,,0.62,-2.28,-7.13,0.62,0.1,1,-2.5,-4.16,,1.2,0.06,,-4.3959,-4.3959,-4.3959
AVG,6.580000000000001,,0.62,-2.2800000000000002,-7.13,0.62,0.10000000000000002,1,-2.5,-4.16,,1.2,0.06,,-3.587880645161291,-3.587880645161291,-3.587880645161291
2021,,,,,,,,,,,,,,,,,
JAN-1,6.58,,0.62,-2.28,-7.13,0.62,0.1,1,-2.5,-4.16,,1.2,0.06,,-4.6215,-4.6215,-4.6215
JAN-4,6.58,,0.62,-2.28,-7.13,0.62,0.1,1,-2.5,-4.16,,1.2,0.06,,-4.6215,-4.6215,-4.6215
JAN-11,6.58,,0.62,-2.28,-7.13,0.62,0.1,1,-2.5,-4.16,,1.2,0.06,,-6.7291,-6.7291,-6.7291
JAN-18,6.58,,0.62,-2.28,-7.13,0.62,0.1,1,-2.5,-4.16,,1.2,0.06,,-7.0804,-7.0804,-7.0804
JAN-25,6.58,,0.62,-2.28,-7.13,0.62,0.1,1,-2.5,-4.16,,1.2,0.06,,-8.0435,-8.0435,-8.0435
AVG,6.580000000000001,,0.62,-2.28,-7.13,0.62,0.10000000000000002,1,-2.5,-4.16,,1.2,0.06,,-6.425354838709677,-6.425354838709677,-6.425354838709677
FEB-1,6.58,,0.62,-2.28,-7.13,0.62,0.1,1,-2.5,-4.16,,1.2,0.06,,-8.204,-8.204,-8.204
FEB-8,6.58,,0.62,-2.28,-7.13,0.62,0.1,1,-2.5,-4.16,,1.2,0.06,,-6.927,-6.927,-6.927
FEB-15,6.58,,0.62,-2.28,-7.13,0.62,0.1,1,-2.5,-4.16,,1.2,0.06,,-6.7142,-6.7142,-6.7142
FEB-22,6.58,,0.62,-2.28,-7.13,0.62,0.1,1,-2.5,-4.16,,1.2,0.06,,-6.1528,-6.1528,-6.1528
AVG,6.58,,0.62,-2.28,-7.13,0.62,0.1,1,-2.5,-4.16,,1.2,0.06,,-6.9995,-6.9995,-6.9995
MAR-1,6.58,,0.62,-2.28,-7.13,0.62,0.1,1,-2.5,-4.16,,1.2,0.06,,-6.0592,-6.0592,-6.0592
MAR-8,6.58,,0.62,-2.28,-7.13,0.62,0.1,1,-2.5,-4.16,,1.2,0.06,,-6.0832,-6.0832,-6.0832
MAR-15,6.58,,0.62,-2.28,-7.13,0.62,0.1,1,-2.5,-4.16,,1.2,0.06,,-6.0872,-6.0872,-6.0872
MAR-22,6.58,,0.62,-2.28,-7.13,0.62,0.1,1,-2.5,-4.16,,1.2,0.06,,-5.9799,-5.9799,-5.9799
MAR-29,6.58,,0.62,-2.28,-7.13,0.62,0.1,1,-2.5,-4.16,,1.2,0.06,,-5.962,-5.962,-5.962
AVG,6.580000000000001,,0.62,-2.28,-7.129999999999999,0.62,0.10000000000000002,1,-2.5,-4.16,,1.2000000000000002,0.06,,-6.043629032258064,-6.043629032258064,-6.043629032258064
APR-1,6.58,,0.62,-2.28,-7.13,0.62,0.1,1,-2.5,-4.16,,1.2,0.06,,-5.962,-5.962,-5.962
APR-5,6.58,,0.62,-2.28,-7.13,0.62,0.1,1,-2.5,-4.16,,1.2,0.06,,-5.7401,-5.7401,-5.7401
APR-12,6.58,,0.62,-2.28,-7.13,0.62,0.1,1,-2.5,-4.16,,1.2,0.06,,-5.6513,-5.6513,-5.6513
APR-19,6.58,,0.62,-2.28,-7.13,0.62,0.1,1,-2.5,-4.16,,1.2,0.06,,-4.68,-4.68,-4.68
APR-26,6.58,,0.62,-2.28,-7.13,0.62,0.1,1,-2.5,-4.16,,1.2,0.06,,-4.5181,-4.5181,-4.5181
AVG,6.58,,0.62,-2.2800000000000002,-7.129999999999999,0.62,0.10000000000000002,1,-2.5,-4.16,,1.2,0.05999999999999999,,-5.2979433333333334,-5.2979433333333334,-5.2979433333333334
MAY-1,6.58,,0.62,-2.28,-7.13,0.62,0.1,1,-2.5,-4.16,,1.2,0.06,,-4.5181,-4.5181,-4.5181
MAY-3,6.58,,0.62,-2.28,-7.13,0.62,0.1,1,-2.5,-4.16,,1.2,0.06,,-4.1877,-4.1877,-4.1877
MAY-10,6.58,,0.62,-2.28,-7.13,0.62,0.1,1,-2.5,-4.16,,1.2,0.06,,-4.1326,-4.1326,-4.1326
MAY-17,6.58,,0.62,-2.28,-7.13,0.62,0.1,1,-2.5,-4.16,,1.2,0.06,,-4.8359,-4.8359,-4.8359
MAY-24,6.58,,0.62,-2.28,-7.13,0.62,0.1,1,-2.5,-4.16,,1.2,0.06,,-4.9531,-4.9531,-4.9531
MAY-31,6.58,,0.62,-2.28,-7.13,0.62,0.1,1,-2.5,-4.16,,1.2,0.06,,-4.9531,-4.9531,-4.9531
AVG,6.580000000000001,,0.6200000000000001,-2.28,-7.13,0.6200000000000001,0.10000000000000002,1,-2.5,-4.16,,1.2000000000000002,0.06,,-4.540464516129032,-4.540464516129032,-4.540464516129032
JUN-1,6.58,,0.62,-2.28,-7.13,0.62,0.1,1,-2.5,-4.16,,1.2,0.06,,-5.5639,-5.5639,-5.5639
JUN-7,6.58,,0.62,-2.28,-7.13,0.62,0.1,1,-2.5,-4.16,,1.2,0.06,,-5.5639,-5.5639,-5.5639
JUN-14,6.58,,0.62,-2.28,-7.13,0.62,0.1,1,-2.5,-4.16,,1.2,0.06,,-6.5301,-6.5301,-6.5301
JUN-21,6.58,,0.62,-2.28,-7.13,0.62,0.1,1,-2.5,-4.16,,1.2,0.06,,-6.6911,-6.6911,-6.6911
JUN-28,6.58,,0.62,-2.28,-7.13,0.62,0.1,1,-2.5,-4.16,,1.2,0.06,,-7.98,-7.98,-7.98
AVG,6.580000000000001,,0.6199999999999999,-2.2800000000000002,-7.129999999999999,0.6199999999999999,0.10000000000000003,1,-2.5,-4.16,,1.2,0.05999999999999999,,-6.29397,-6.29397,-6.29397
JUL-1,6.58,,0.62,-2.28,-7.13,0.62,0.1,1,-2.5,-4.16,,1.2,0.06,,-8.6244,-8.6244,-8.6244
JUL-5,6.579999999999999,,0.62,-2.28,-7.130000000000001,0.62,0.09999999999999999,1,-2.5,-4.16,,1.2,0.06,,-8.6244,-8.6244,-8.6244
JUL-12,6.579999999999999,,0.62,-2.28,-7.130000000000001,0.62,0.09999999999999999,1,-2.5,-4.16,,1.2,0.06,,-9.927771428571427,-9.927771428571427,-9.927771428571427
JUL-19,6.579999999999999,,0.62,-2.28,-7.130000000000001,0.62,0.09999999999999999,1,-2.5,-4.16,,1.2,0.06,,-10.144999999999998,-10.144999999999998,-10.144999999999998
JUL-26,6.579999999999999,,0.62,-2.28,-7.13,0.62,0.09999999999999999,1,-2.5,-4.16,,1.2,0.06,,-10.262333333333332,-10.262333333333332,-10.262333333333332
AVG,6.58,,0.62,-2.2800000000000002,-7.13,0.62,0.1,1,-2.5,-4.16,,1.2000000000000002,0.06,,-9.579090322580646,-9.579090322580646,-9.579090322580646
AUG-1,6.58,,0.62,-2.28,-7.13,0.62,0.1,1,-2.5,-4.16,,1.2,0.06,,-10.321,-10.321,-10.321
AUG-2,6.579999999999999,,0.62,-2.28,-7.130000000000001,0.62,0.09999999999999999,1,-2.5,-4.16,,1.2,0.06,,-10.321,-10.321,-10.321
AUG-9,6.579999999999999,,0.62,-2.28,-7.130000000000001,0.62,0.09999999999999999,1,-2.5,-4.16,,1.2,0.06,,-10.929314285714284,-10.929314285714284,-10.929314285714284
AUG-16,6.579999999999999,,0.62,-2.28,-7.130000000000001,0.62,0.09999999999999999,1,-2.5,-4.16,,1.2,0.06,,-11.030699999999998,-11.030699999999998,-11.030699999999998
AUG-23,6.579999999999999,,0.62,-2.28,-7.130000000000001,0.62,0.09999999999999999,1,-2.5,-4.16,,1.2,0.06,,-11.720700000000003,-11.720700000000003,-11.720700000000003
AUG-30,6.58,,0.62,-2.28,-7.13,0.62,0.1,1,-2.5,-4.16,,1.2,0.06,,-11.8357,-11.8357,-11.8357
AVG,6.58,,0.62,-2.28,-7.13,0.62,0.10000000000000002,1,-2.5,-4.16,,1.2,0.06,,-11.032399999999999,-11.032399999999999,-11.032399999999999
SEP-1,6.58,,0.62,-2.28,-7.13,0.62,0.1,1,-2.5,-4.16,,1.2,0.06,,-11.8357,-11.8357,-11.8357
SEP-6,6.58,,0.62,-2.28,-7.13,0.62,0.1,1,-2.5,-4.16,,1.2,0.06,,-11.5138,-11.5138,-11.5138
SEP-13,6.58,,0.62,-2.28,-7.13,0.62,0.1,1,-2.5,-4.16,,1.2,0.06,,-11.4602,-11.4602,-11.4602
SEP-20,6.58,,0.62,-2.28,-7.13,0.62,0.1,1,-2.5,-4.16,,1.2,0.06,,-12.5591,-12.5591,-12.5591
SEP-27,6.58,,0.62,-2.28,-7.13,0.62,0.1,1,-2.5,-4.16,,1.2,0.06,,-12.7422,-12.7422,-12.7422
AVG,6.58,,0.6199999999999999,-2.2800000000000002,-7.13,0.6199999999999999,0.10000000000000002,1,-2.5,-4.16,,1.2,0.05999999999999999,,-11.962633333333335,-11.962633333333335,-11.962633333333335
OCT-1,6.58,,0.62,-2.28,-7.13,0.62,0.1,1,-2.5,-4.16,,1.2,0.06,,-12.7422,-12.7422,-12.7422
OCT-4,6.58,,0.62,-2.28,-7.13,0.62,0.1,0.1514,-2.5,-4.16,,1.2,0.06,,-15.1215,-15.1215,-15.1215
OCT-11,6.58,,0.62,-2.28,-7.13,0.62,0.1,-1.99,-1.99,-4.16,,1.2,0.06,,-15.5181,-15.5181,-15.5181
OCT-18,6.58,,0.62,-2.28,-7.13,0.62,0.1,-1.99,-1.99,-4.16,,1.2,0.06,,-17.3148,-17.3148,-17.3148
OCT-25,6.58,,0.62,-2.28,-7.13,0.62,0.1,-1.99,-1.99,-4.16,,1.2,0.06,,-17.6143,-17.6143,-17.6143
AVG,6.580000000000001,,0.62,-2.28,-7.13,0.62,0.10000000000000002,-1.2171032258064516,-2.154516129032258,-4.16,,1.2,0.06,,-16.038951612903226,-16.038951612903226,-16.038951612903226
NOV-1,6.58,,0.62,-2.28,-7.13,0.62,0.1,-1.99,-2.14,-4.16,,1.2,0.06,,-17.5942,-17.5942,-17.5942
NOV-8,6.58,,0.62,-2.28,-7.13,0.62,0.1,-1.99,-2.5,-4.7086,,1.2,0.06,,-17.5909,-17.5909,-17.5909
NOV-15,6.58,,0.62,-2.28,-7.13,0.62,0.1,-1.99,-2.56,-4.8,,1.2,0.06,,-17.9167,-17.9167,-17.9167
NOV-22,6.58,,0.62,-2.28,-7.13,0.62,0.1,-1.99,-2.56,-4.8,,1.2,0.06,,-17.971,-17.971,-17.971
NOV-29,6.58,,0.62,-2.28,-7.13,0.62,0.1,-1.99,-2.56,-4.8,,1.2,0.06,,-16.8247,-16.8247,-16.8247
AVG,6.58,,0.6199999999999999,-2.28,-7.129999999999999,0.6199999999999999,0.10000000000000002,-1.9899999999999998,-2.4480000000000004,-4.62934,,1.2,0.05999999999999999,,-17.7053,-17.7053,-17.7053
DEC 1,6.58,,0.62,-2.28,-7.13,0.62,0.005,-1.99,-1.99,-1.99,,1.2,0.06,,-15.6339,-15.6339,-15.6339
DEC 6,6.58,,0.62,-2.28,-7.13,0.62,0.005,-1.99,-1.99,-1.99,,1.2,0.06,,-15.6339,-15.6339,-15.6339
DEC 13,6.58,,0.62,-2.28,-7.13,0.62,0.005,-1.99,-1.99,-1.99,,1.2,0.06,,-13.4557,-13.4557,-13.4557
DEC 20,6.58,,0.62,-2.28,-7.13,0.62,0.005,-1.99,-1.99,-1.99,,1.2,0.06,,-13.0927,-13.0927,-13.0927
DEC 27,6.58,,0.62,-2.28,-7.13,0.62,0.005,-1.99,-1.99,-1.99,,1.2,0.06,,-13.201,-13.201,-13.201
AVG,6.580000000000001,,0.62,-2.2800000000000002,-7.13,0.62,0.005,-1.99,-1.99,-1.99,,1.2000000000000002,0.06,,-14.175825806451613,-14.175825806451613,-14.175825806451613
2022,,,,,,,,,,,,,,,,,
JAN-1,6.58,,0.62,-2.28,-7.13,0.62,0.005,-1.99,-1.99,-1.99,,1.2,0.06,,-13.2281,-13.2281,-13.2281
JAN-3,6.58,,0.62,-2.28,-7.13,0.62,0.005,-1.99,-1.99,-1.99,,1.2,0.06,,-13.2281,-13.2281,-13.2281
JAN-10,6.58,,0.62,-2.28,-7.13,0.62,0.005,-1.99,-1.99,-1.99,,1.2,0.06,,-14.085,-14.085,-14.085
JAN-17,6.7514,,0.7343,-1.5943,-6.3871,0.7343,0.005,-2.6757,-2.59,-2.59,,1.2,0.06,,-14.2278,-14.2278,-14.2278
JAN-24,7.18,,1.02,0.12,-4.53,1.02,0.005,-3.09,-3.09,-3.09,,1.2,0.06,,-14.7771,-14.7771,-14.7771
JAN-31,7.18,,1.02,0.12,-4.53,1.02,0.005,-3.09,-3.09,-3.09,,1.2,0.06,,-14.8686,-14.8686,-14.8686
AVG,6.7735419354838715,,0.7490354838709677,-1.5058096774193548,-6.29128064516129,0.7490354838709677,0.005000000000000001,-2.428706451612903,-2.4093548387096773,-2.4093548387096773,,1.2000000000000002,0.06,,-14.050025806451615,-14.050025806451615,-14.050025806451615
FEB-1,7.18,,1.02,0.12,-4.53,1.02,0.005,-3.5567,-3.5567,-3.5567,,1.2,0.06,,-14.8686,-14.8686,-14.8686
FEB-7,7.18,,1.02,0.12,-4.53,1.02,0.005,-3.79,-3.79,-3.79,,1.2,0.06,,-15.1386,-15.1386,-15.1386
FEB-14,7.18,,1.02,0.12,-4.53,1.02,0.005,-3.4729,-3.4729,-3.4729,,1.2,0.06,,-15.1836,-15.1836,-15.1836
FEB-21,7.18,,1.02,0.12,-4.53,1.02,0.005,-2.4071,-2.4071,-2.4071,,1.2,0.06,,-15.0539,-15.0539,-15.0539
FEB-28,7.18,,1.02,0.12,-4.53,1.02,0.005,-2.3,-2.3,-2.3,,1.2,0.06,,-15.0323,-15.0323,-15.0323
AVG,7.18,,1.02,0.12,-4.53,1.02,0.005,-3.2617928571428574,-3.2617928571428574,-3.2617928571428574,,1.2,0.06,,-15.067021428571428,-15.067021428571428,-15.067021428571428
MAR-1,7.18,,1.02,0.12,-4.53,1.02,0.005,-3.7633,-3.7633,-3.7633,,1.2,0.06,,-15.0323,-15.0323,-15.0323
MAR-7,7.18,,1.02,0.12,-4.53,1.02,0.005,-10.1586,-10.1586,-10.1586,,1.2,0.06,,-17.7241,-17.7241,-17.7241
MAR-14,7.18,,1.02,0.12,-4.53,1.02,0.005,-6.1571,-6.1571,-6.1571,,1.2,0.06,,-18.1727,-18.1727,-18.1727
MAR-21,7.18,,1.02,0.12,-4.53,1.02,0.005,-8.1457,-8.1457,-8.1457,,1.2,0.06,,-19.6027,-19.6027,-19.6027
MAR-28,7.18,,1.02,0.12,-4.53,1.02,0.005,-9.5825,-9.5825,-9.5825,,1.2,0.06,,-19.841,-19.841,-19.841
AVG,7.18,,1.0200000000000002,0.12,-4.53,1.0200000000000002,0.005,-7.4883741935483865,-7.4883741935483865,-7.4883741935483865,,1.2,0.06,,-18.001751612903227,-18.001751612903227,-18.001751612903227
APR-1,7.18,,1.02,0.12,-4.53,1.02,0.005,-7.91,-7.91,-7.91,,1.2,0.06,,-18.9064,-18.9064,-18.9064
APR-4,7.18,,1.02,0.12,-4.53,1.02,0.005,-8.1157,-8.1157,-8.1157,,1.2,0.06,,-19.7031,-19.7031,-19.7031
APR-11,7.18,,1.02,0.12,-4.53,1.02,0.005,-7.4557,-7.4557,-7.4557,,1.2,0.06,,-19.8359,-19.8359,-19.8359
APR-18,7.18,,1.02,0.12,-4.53,1.02,0.005,-10.5,-10.5,-10.5,,1.2,0.06,,-17.8568,-17.8568,-17.8568
APR-25,7.18,,1.02,0.12,-4.53,1.02,0.005,-10.5017,-10.5017,-10.5017,,1.2,0.06,,-17.527,-17.527,-17.527
AVG,7.179999999999999,,1.0200000000000002,0.11999999999999998,-4.53,1.0200000000000002,0.005000000000000001,-8.974666666666668,-8.974666666666668,-8.974666666666668,,1.2,0.05999999999999999,,-18.78839333333333,-18.78839333333333,-18.78839333333333
MAY-1,7.18,,1.02,0.12,-3.53,1.02,0.005,-9.59,-9.59,-9.59,,1.2,0.06,,-16.5924,-16.5924,-16.5924
MAY-2,7.18,,1.02,0.12,-3.53,1.02,0.005,-10.5157,-10.5157,-10.5157,,1.2,0.06,,-17.6218,-17.6218,-17.6218
MAY-9,7.18,,1.02,0.12,-2.53,1.02,0.005,-10.3886,-10.3886,-10.3886,,1.2,0.06,,-17.7934,-17.7934,-17.7934
MAY-16,7.18,,1.02,0.12,-1.53,1.02,0.005,-8.4657,-8.4657,-8.4657,,1.2,0.06,,-16.7182,-16.7182,-16.7182
MAY-23,7.18,,1.02,0.12,-0.53,1.02,0.005,-5.8814,-5.8814,-5.8814,,1.2,0.06,,-16.2881,-16.2881,-16.2881
MAY-30,7.18,,1.02,0.12,-0.53,1.02,0.005,-6.445,-6.445,-6.445,,1.2,0.06,,-15.5436,-15.5436,-15.5436
AVG,7.18,,1.02,0.12,-1.9816129032258065,1.02,0.005000000000000001,-8.685154838709677,-8.685154838709677,-8.685154838709677,,1.2,0.06,,-16.988067741935485,-16.988067741935485,-16.988067741935485
JUN-1,7.18,,1.02,0.12,-0.53,1.02,0.005,-8.632,-8.632,-8.632,,1.2,0.06,,-13.8645,-13.8645,-13.8645
JUN-6,7.18,,0.2229,-0.6857,-0.53,0.2229,0.005,-9.7486,-9.7486,-9.7486,,1.2,0.06,,-13.8645,-13.8645,-13.8645
JUN-13,7.18,,0.09,-0.82,-0.53,0.09,0.005,-10.53,-10.53,-10.53,,1.2,0.06,,-13.8639,-13.8639,-13.8639
JUN-20,7.18,,0.09,-0.82,-0.53,0.09,0.005,-11.28,-11.28,-11.28,,1.2,0.06,,-13.8638,-13.8638,-13.8638
JUN-27,7.18,,0.09,-0.82,-0.53,0.09,0.005,-10.88,-10.88,-10.88,,1.2,0.06,,-12.9841,-12.9841,-12.9841
AVG,7.179999999999999,,0.27601,-0.6319966666666667,-0.53,0.27601,0.005,-10.253006666666666,-10.253006666666666,-10.253006666666666,,1.2,0.05999999999999999,,-13.74681,-13.74681,-13.74681
JUL-1,7.18,,0.09,-0.82,-0.53,0.09,0.005,-7.8833,-7.8833,-7.8833,,1.2,0.06,,-11.7562,-11.7562,-11.7562
JUL-4,7.18,,0.09,-0.82,-0.53,0.09,0.005,-5.9729,-5.9729,-5.9729,,1.2,0.06,,-11.7562,-11.7562,-11.7562
JUL-11,7.18,,0.09,-0.82,-0.53,0.09,0.005,-3.7114,-3.7114,-3.7114,,1.2,0.06,,-12.1672,-12.1672,-12.1672
JUL-18,7.18,,0.09,-0.82,-0.53,0.09,0.005,-3.2129,-3.2129,-3.2129,,1.2,0.06,,-12.2357,-12.2357,-12.2357
JUL-25,7.18,,0.09,-0.82,-0.53,0.09,0.005,-2.1043,-2.1043,-2.1043,,1.2,0.06,,-11.4886,-11.4886,-11.4886
AVG,7.18,,0.09,-0.8199999999999998,-0.53,0.09,0.005000000000000001,-4.150335483870967,-4.150335483870967,-4.150335483870967,,1.2,0.06,,-11.896854838709677,-11.896854838709677,-11.896854838709677
AUG-1,7.18,,0.09,-0.82,-5.3,0.09,0.05,-1.7771,-1.7771,-1.7771,,1.2,0.06,,-10.4295,-10.4295,-10.4295
AUG-8,7.18,,0.09,-0.82,-5.3,0.09,0.05,0.5743,0.5743,0.5743,,1.2,0.06,,-9.8005,-9.8005,-9.8005
AUG-15,7.18,,0.09,-0.82,-5.3,0.09,0.05,-0.5257,-0.5257,-0.5257,,1.2,0.06,,-9.6957,-9.6957,-9.6957
AUG-22,7.18,,0.09,-0.82,-5.3,0.09,0.05,-3.5143,-3.5143,-3.5143,,1.2,0.06,,-7.9802,-7.9802,-7.9802
AUG-29,7.18,,0.09,-0.82,-5.3,0.09,0.05,-5.38,-5.38,-5.38,,1.2,0.06,,-7.6943,-7.6943,-7.6943
AVG,7.18,,0.09,-0.82,-5.300000000000001,0.09,0.05000000000000001,-1.7045032258064519,-1.7045032258064519,-1.7045032258064519,,1.2000000000000002,0.06,,-9.304006451612905,-9.304006451612905,-9.304006451612905
SEP-1,7.18,,0.09,-0.82,-0.53,0.09,0.005,-3.735,-3.735,-3.735,,1.2,0.06,,-6.7597,-6.7597,-6.7597
SEP-5,7.18,,0.08999999999999998,-0.8200000000000001,-0.5300000000000001,0.08999999999999998,0.005,-2.722857142857143,-2.722857142857143,-2.722857142857143,,1.2,0.06,,-7.721414285714287,-7.721414285714287,-7.721414285714287
SEP-12,7.18,,0.08999999999999998,-0.8200000000000001,-0.5300000000000001,0.08999999999999998,0.005,-1.0842857142857147,-1.0842857142857147,-1.0842857142857147,,1.2,0.06,,-7.881700000000001,-7.881700000000001,-7.881700000000001
SEP-19,7.18,,0.08999999999999998,-0.8200000000000001,-0.5300000000000001,0.08999999999999998,0.005,0.7542857142857142,0.7542857142857142,0.7542857142857142,,1.2,0.06,,-7.686528571428572,-7.686528571428572,-7.686528571428572
SEP-26,7.18,,0.09,-0.82,-0.53,0.09,0.005,0.742,0.742,0.742,,1.2,0.06,,-7.653999999999999,-7.653999999999999,-7.653999999999999
AVG,7.179999999999999,,0.08999999999999998,-0.8200000000000001,-0.5300000000000001,0.08999999999999998,0.005,-1.0866666666666667,-1.0866666666666667,-1.0866666666666667,,1.2,0.05999999999999999,,-7.61121,-7.61121,-7.61121
OCT-1,7.18,,0.09,-0.82,-0.53,0.09,0.005,0.06,0.06,0.06,,1.2,0.06,,-7.654,-7.654,-7.654
OCT-3,7.18,,0.09,-0.82,-0.53,0.09,0.005,-0.9114,-0.9114,-0.9114,,1.2,0.06,,-7.0177,-7.0177,-7.0177
OCT-10,7.18,,0.09,-0.82,-0.53,0.09,0.005,-3.6271,-3.6271,-3.6271,,1.2,0.06,,-6.9116,-6.9116,-6.9116
OCT-17,7.18,,0.09,-0.82,-0.53,0.09,0.005,-3.5243,-3.5243,-3.5243,,1.2,0.06,,-6.9532,-6.9532,-6.9532
OCT-24,7.2229,,0.1329,-0.7771,-0.4871,0.1329,0.005,-2.9671,-2.9671,-2.9671,,1.2,0.06,,-6.9601,-6.9601,-6.9601
OCT-31,7.28,,0.19,-0.72,-0.43,0.19,0.005,-2.86,-2.86,-2.86,,1.2,0.06,,-6.9601,-6.9601,-6.9601
AVG,7.192912903225806,,0.10291290322580644,-0.8070870967741933,-0.5170870967741936,0.10291290322580644,0.005000000000000001,-2.579009677419355,-2.579009677419355,-2.579009677419355,,1.2000000000000002,0.06,,-7.005364516129032,-7.005364516129032,-7.005364516129032
NOV-1,7.53,,0.44,-0.47,-0.305,0.44,0.005,-2.735,-2.735,-2.735,,1.2,0.06,,-7.3666,-7.3666,-7.3666
NOV-7,7.6657,,0.5757,-0.3343,-0.2371,0.5757,0.005,-2.1786,-2.1786,-2.1786,,1.2,0.06,,-7.3666,-7.3666,-7.3666
NOV-14,7.88,,0.79,-0.12,-0.13,0.79,0.005,-1.1129,-1.1129,-1.1129,,1.2,0.06,,-9.0189,-9.0189,-9.0189
NOV-21,7.9657,,1.1671,-0.0171,-0.0357,1.1671,0.005,0.9686,0.9686,0.9686,,1.2,0.06,,-9.2943,-9.2943,-9.2943
NOV-28,8.0467,,1.4667,0.01,0.01,1.4667,0.005,2.72,2.72,2.72,,1.2,0.06,,-9.58,-9.58,-9.58
AVG,7.796663333333332,,0.8256566666666667,-0.2029933333333333,-0.15398666666666666,0.8256566666666667,0.005000000000000001,-0.8170099999999999,-0.8170099999999999,-0.8170099999999999,,1.2,0.05999999999999999,,-8.423273333333334,-8.423273333333334,-8.423273333333334
DEC-1,8.18,,1.6,0.01,0.01,1.6,0.05,3.1325000000000003,3.1325000000000003,3.1325000000000003,,1.2,0.06,,-9.7229,-9.7229,-9.7229
DEC-5,8.522857142857143,,1.942857142857143,0.29571428571428576,0.29571428571428576,1.942857142857143,0.049999999999999996,4.232857142857143,4.232857142857143,4.232857142857143,,1.2,0.06,,-9.722899999999997,-9.722899999999997,-9.722899999999997
DEC-12,8.951428571428574,,2.3714285714285714,0.5814285714285713,0.5099999999999999,2.3714285714285714,0.049999999999999996,4.7128571428571435,4.7128571428571435,4.7128571428571435,,1.2,0.06,,-8.697971428571426,-8.697971428571426,-8.697971428571426
DEC-19,8.665714285714285,,2.0857142857142854,0.32428571428571423,0.32428571428571423,2.0857142857142854,0.09285714285714285,3.758571428571429,3.758571428571429,3.758571428571429,,1.2,0.06,,-8.287999999999998,-8.287999999999998,-8.287999999999998
DEC-26,8.28,,1.7,0.01,0.01,1.7,0.09999999999999999,3.66,3.66,3.66,,1.2,0.06,,-6.488333333333333,-6.488333333333333,-6.488333333333333
AVG,8.560645161290322,,1.9806451612903229,0.2745161290322581,0.2583870967741935,1.9806451612903229,0.06935483870967742,3.9812903225806457,3.9812903225806457,3.9812903225806457,,1.2000000000000002,0.06,,-8.541409677419354,-8.541409677419354,-8.541409677419354
2023,,,,,,,,,,,,,,,,,
JAN-1,8.28,,1.7,0.01,0.01,1.7,0.1,3.12,3.12,3.12,,1.2,0.06,,-6.1284,-6.1284,-6.1284
JAN-2,8.365714285714285,,1.7857142857142858,0.09571428571428571,0.09571428571428571,1.7857142857142858,0.09999999999999999,4.278571428571429,4.278571428571429,4.278571428571429,,1.2,0.06,,-6.1284,-6.1284,-6.1284
JAN-9,8.58,,2,0.31,0.31,2,0.09999999999999999,5.365714285714286,5.365714285714286,5.365714285714286,,1.2,0.06,,-6.495514285714286,-6.495514285714286,-6.495514285714286
JAN-16,8.58,,2,0.31,0.31,2,0.09999999999999999,4.484285714285714,4.484285714285714,4.484285714285714,,1.2,0.06,,-6.5567,-6.5567,-6.5567
JAN-23,8.58,,2,0.31,0.31,2,0.09999999999999999,4.192857142857143,4.192857142857143,4.192857142857143,,1.2,0.06,,-6.1875285714285715,-6.1875285714285715,-6.1875285714285715
JAN-30,8.58,,2,0.31,0.31,2,0.1,4.085,4.085,4.085,,1.2,0.06,,-6.126,-6.126,-6.126
AVG,8.521935483870967,,1.941935483870968,0.2519354838709677,0.2519354838709677,1.941935483870968,0.10000000000000002,4.501290322580645,4.501290322580645,4.501290322580645,,1.2,0.06,,-6.321206451612904,-6.321206451612904,-6.321206451612904
FEB-1,8.58,,2,0.31,0.31,2,0.1,5.130000000000001,5.130000000000001,5.130000000000001,,1.2,0.06,,-6.126,-6.126,-6.126
FEB-6,8.58,,2,0.18142857142857144,0.18142857142857144,2,0.09999999999999999,6.111428571428571,6.111428571428571,6.111428571428571,,1.2,0.06,,-8.633914285714287,-8.633914285714287,-8.633914285714287
FEB-13,8.58,,2,0.01,0.01,2,0.09999999999999999,5.198571428571428,5.198571428571428,5.198571428571428,,1.2,0.06,,-9.051900000000002,-9.051900000000002,-9.051900000000002
FEB-20,8.58,,2,0.01,0.01,2,0.09999999999999999,4.965714285714285,4.965714285714285,4.965714285714285,,1.2,0.06,,-9.049071428571429,-9.049071428571429,-9.049071428571429
FEB-27,8.58,,2,0.01,0.01,2,0.1,4.945,4.945,4.945,,1.2,0.06,,-9.0486,-9.0486,-9.0486
AVG,8.58,,2,0.10642857142857143,0.10642857142857143,2,0.09999999999999999,5.338214285714287,5.338214285714287,5.338214285714287,,1.2,0.05999999999999999,,-8.423978571428574,-8.423978571428574,-8.423978571428574
MAR-1,8.58,,2,0.01,0.01,2,0.1,4.036,4.036,4.036,,1.2,0.06,,-8.114,-8.114,-8.114
MAR-6,8.58,,2,0.01,0.01,2,0.09999999999999999,3.871428571428571,3.871428571428571,3.871428571428571,,1.2,0.06,,-8.66114285714286,-8.66114285714286,-8.66114285714286
MAR-13,8.58,,2,0.01,0.01,2,0.09999999999999999,5.0600000000000005,5.0600000000000005,5.0600000000000005,,1.2,0.06,,-8.88,-8.88,-8.88
MAR-20,8.58,,2,0.01,0.01,2,0.09999999999999999,5.842857142857143,5.842857142857143,5.842857142857143,,1.2,0.06,,-5.753657142857142,-5.753657142857142,-5.753657142857142
MAR-27,8.58,,2,0.01,0.01,2,0.1,5.366,5.366,5.366,,1.2,0.06,,-5.2326,-5.2326,-5.2326
AVG,8.58,,2,0.01,0.01,2,0.09999999999999999,4.85258064516129,4.85258064516129,4.85258064516129,,1.2000000000000002,0.06,,-7.412793548387097,-7.412793548387097,-7.412793548387097
APR-1,8.58,,2,0.01,0.01,2,0.1,5.42,5.42,5.42,,1.2,0.06,,-5.2326,-5.2326,-5.2326
APR-3,8.58,,2,0.01,0.01,2,0.09999999999999999,4.744285714285714,4.744285714285714,4.744285714285714,,1.2,0.06,,-2.832857142857143,-2.832857142857143,-2.832857142857143
APR-10,8.58,,2,0.01,0.01,2,0.09999999999999999,4.398571428571429,4.398571428571429,4.398571428571429,,1.2,0.06,,-2.4329,-2.4329,-2.4329
APR-17,8.751428571428573,,2.1714285714285717,0.1814285714285714,0.1814285714285714,2.1714285714285717,0.09999999999999999,5.01,5.01,5.01,,1.2,0.06,,-2.6369714285714285,-2.6369714285714285,-2.6369714285714285
APR-24,8.980000000000002,,2.4,0.41000000000000003,0.41000000000000003,2.4,0.09999999999999999,5.844285714285715,5.844285714285715,5.844285714285715,,1.2,0.06,,-2.7185999999999995,-2.7185999999999995,-2.7185999999999995
AVG,8.713333333333335,,2.1333333333333333,0.14333333333333334,0.14333333333333334,2.1333333333333333,0.1,5.027333333333333,5.027333333333333,5.027333333333333,,1.2,0.05999999999999999,,-2.82715,-2.82715,-2.82715
MAY-1,8.88,,2.3000000000000003,0.31,0.31,2.3000000000000003,0.09999999999999999,6.444285714285714,6.444285714285714,6.444285714285714,,1.2,0.06,,-2.843228571428572,-2.843228571428572,-2.843228571428572
MAY-8,8.965714285714288,,2.385714285714286,0.39571428571428574,0.39571428571428574,2.385714285714286,0.09999999999999999,6.828571428571428,6.828571428571428,6.828571428571428,,1.2,0.06,,-2.8640000000000003,-2.8640000000000003,-2.8640000000000003
MAY-15,8.88,,2.3000000000000003,0.31,0.31,2.3000000000000003,0.09999999999999999,6.027142857142857,6.027142857142857,6.027142857142857,,1.2,0.06,,-1.1854571428571425,-1.1854571428571425,-1.1854571428571425
MAY-22,8.88,,2.3000000000000003,0.31,0.31,2.3000000000000003,0.09999999999999999,5.518571428571429,5.518571428571429,5.518571428571429,,1.2,0.06,,-0.9056999999999997,-0.9056999999999997,-0.9056999999999997
MAY-29,8.88,,2.3,0.31,0.31,2.3,0.10000000000000002,5.43,5.43,5.43,,1.2,0.06,,-0.4839666666666666,-0.4839666666666666,-0.4839666666666666
AVG,8.899354838709677,,2.3193548387096774,0.3293548387096774,0.3293548387096774,2.3193548387096774,0.09999999999999999,6.129677419354838,6.129677419354838,6.129677419354838,,1.2000000000000002,0.06,,-1.8077612903225808,-1.8077612903225808,-1.4586774603174604
JUN-1,8.88,,2.3,0.31,0.31,2.3,0.1,6.165,6.165,6.165,,1.2,0.06,,-0.2731,-0.2731,-0.2731
JUN-5,8.88,,2.3000000000000003,0.31,0.31,2.3000000000000003,0.09999999999999999,5.642857142857143,5.642857142857143,5.642857142857143,,1.2,0.06,,-0.27309999999999995,-0.27309999999999995,-0.27309999999999995
JUN-12,8.88,,2.3000000000000003,0.31,0.31,2.3000000000000003,0.09999999999999999,5.368571428571428,5.368571428571428,5.368571428571428,,1.2,0.06,,-0.18575714285714287,-0.18575714285714287,-0.18575714285714287
JUN-19,8.88,,2.3000000000000003,0.31,0.31,2.3000000000000003,0.09999999999999999,4.667142857142857,4.667142857142857,4.667142857142857,,1.2,0.06,,-0.1712,-0.1712,-0.1712
JUN-26,9.02,,2.44,0.45,0.45,2.44,0.1,4.742,4.742,4.742,,1.2,0.06,,0.45,0.45,0.45
AVG,8.903333333333334,,2.3233333333333333,0.3333333333333333,0.3333333333333333,2.3233333333333333,0.1,5.270666666666667,5.270666666666667,5.270666666666667,,1.2,0.05999999999999999,,-0.10842666666666663,-0.10842666666666663,-0.10842666666666663
JUL-1,9.08,,2.5,0.51,0.51,2.5,0.1,4.5,4.5,4.5,,1.2,0.06,,0.6053,0.6053,0.6053
JUL-3,9.237142857142857,,2.6571428571428575,0.6671428571428571,0.6671428571428571,2.6571428571428575,0.09999999999999999,4.654285714285714,4.654285714285714,4.654285714285714,,1.2,0.06,,0.6052999999999998,0.6052999999999998,0.6052999999999998
JUL-10,9.38,,2.8000000000000003,0.8100000000000003,0.8100000000000003,2.8000000000000003,0.09999999999999999,3.737142857142857,3.737142857142857,3.737142857142857,,1.2,0.06,,0.6611857142857144,0.6611857142857144,0.6611857142857144
JUL-17,9.38,,2.8000000000000003,0.8100000000000003,0.8100000000000003,2.8000000000000003,0.09999999999999999,1.4985714285714284,1.4985714285714284,1.4985714285714284,,1.2,0.06,,0.6704999999999999,0.6704999999999999,0.6704999999999999
JUL-24,9.38,,2.8000000000000003,0.8100000000000003,0.8100000000000003,2.8000000000000003,0.09999999999999999,-2.7071428571428564,-2.7071428571428564,-2.7071428571428564,,1.2,0.06,,-0.20824285714285717,-0.20824285714285717,-0.20824285714285717
JUL-31,9.38,,2.8,0.81,0.81,2.8,0.1,-3.13,-3.13,-3.13,,1.2,0.06,,-0.3547,-0.3547,-0.3547
AVG,9.328387096774195,,2.7483870967741937,0.7583870967741936,0.7583870967741936,2.7483870967741937,0.1,1.811290322580645,1.811290322580645,1.811290322580645,,1.2000000000000002,0.06,,0.4179709677419355,0.4179709677419355,0.4179709677419355
AUG-1,9.38,,2.8000000000000003,0.8100000000000002,0.8100000000000002,2.8000000000000003,0.09999999999999999,-4.803333333333334,-4.803333333333334,-4.803333333333334,,1.2,0.06,,-0.3547,-0.3547,-0.3547
AUG-7,9.38,,2.8000000000000003,0.8100000000000003,0.8100000000000003,2.8000000000000003,0.09999999999999999,-5.42,-5.42,-5.42,,1.2,0.06,,-1.1871571428571428,-1.1871571428571428,-1.1871571428571428
AUG-14,9.38,,2.8000000000000003,0.8100000000000003,0.8100000000000003,2.8000000000000003,0.09999999999999999,-5.707142857142857,-5.707142857142857,-5.707142857142857,,1.2,0.06,,-1.3259,-1.3259,-1.3259
AUG-21,9.38,,2.8000000000000003,0.8100000000000003,0.8100000000000003,2.8000000000000003,0.09999999999999999,-5.671428571428572,-5.671428571428572,-5.671428571428572,,1.2,0.06,,-3.9585285714285723,-3.9585285714285723,-3.9585285714285723
AUG-28,9.38,,2.8,0.81,0.81,2.8,0.1,-6.04,-6.04,-6.04,,1.2,0.06,,-4.3973,-4.3973,-4.3973
AVG,9.38,,2.8000000000000003,0.8100000000000002,0.8100000000000002,2.8000000000000003,0.09999999999999999,-5.502258064516129,-5.502258064516129,-5.502258064516129,,1.2,0.06,,-2.0973709677419357,-2.0973709677419357,-2.0973709677419357
SEP-1,9.38,,2.7999999999999994,0.81,0.81,2.7999999999999994,0.10000000000000002,-5.919999999999999,-5.919999999999999,-5.919999999999999,,1.2,0.06,,-4.3973,-4.3973,-4.3973
SEP-4,9.38,,2.8000000000000003,0.8100000000000003,0.8100000000000003,2.8000000000000003,0.09999999999999999,-6.011428571428572,-6.011428571428572,-6.011428571428572,,1.2,0.06,,-4.443157142857143,-4.443157142857143,-4.443157142857143
SEP-11,9.38,,2.8000000000000003,0.8100000000000003,0.8100000000000003,2.8000000000000003,0.09999999999999999,-7.138571428571429,-7.138571428571429,-7.138571428571429,,1.2,0.06,,-4.4508,-4.4508,-4.4508
SEP-18,9.38,,2.8000000000000003,0.8100000000000003,0.8100000000000003,2.8000000000000003,0.09999999999999999,-7.297142857142857,-7.297142857142857,-7.297142857142857,,1.2,0.06,,-6.603171428571429,-6.603171428571429,-6.603171428571429
SEP-25,9.38,,2.8000000000000003,0.8100000000000002,0.8100000000000002,2.8000000000000003,0.09999999999999999,-7.126666666666666,-7.126666666666666,-7.126666666666666,,1.2,0.06,,-6.9619,-6.9619,-6.9619
AVG,9.380000000000003,,2.8,0.8100000000000002,0.8100000000000002,2.8,0.1,-6.788333333333332,-6.788333333333332,-6.788333333333332,,1.2,0.05999999999999999,,-5.448106666666666,-5.448106666666666,-5.448106666666666
OCT-1,9.38,,2.8,0.81,0.81,2.8,0.1,-7.61,-7.61,-7.61,,1.2,0.06,,-6.9619,-6.9619,-6.9619
OCT-2,9.38,,2.8000000000000003,0.8100000000000003,0.8100000000000003,2.8000000000000003,0.09999999999999999,-7.301428571428572,-7.301428571428572,-7.301428571428572,,1.2,0.06,,-8.885671428571428,-8.885671428571428,-8.885671428571428
OCT-9,9.38,,2.8000000000000003,0.8100000000000003,0.8100000000000003,2.8000000000000003,0.09999999999999999,-5.051428571428572,-5.051428571428572,-5.051428571428572,,1.2,0.06,,-9.2063,-9.2063,-9.2063
OCT-16,9.38,,2.8000000000000003,0.8100000000000003,0.8100000000000003,2.8000000000000003,0.09999999999999999,-5.2871428571428565,-5.2871428571428565,-5.2871428571428565,,1.2,0.06,,-7.7729,-7.7729,-7.7729
OCT-23,9.38,,2.8000000000000003,0.8100000000000003,0.8100000000000003,2.8000000000000003,0.09999999999999999,-4.851428571428571,-4.851428571428571,-4.851428571428571,,1.2,0.06,,-7.534,-7.534,-7.534
OCT-30,9.38,,2.8,0.81,0.81,2.8,0.1,-4.605,-4.605,-4.605,,1.2,0.06,,-7.43885,-7.43885,-7.43885
AVG,9.38,,2.8,0.8100000000000003,0.8100000000000003,2.8,0.10000000000000002,-5.621290322580646,-5.621290322580646,-5.621290322580646,,1.2,0.06,,-8.246183870967743,-8.246183870967743,-8.246183870967743
NOV-1,9.38,,2.8,0.8100000000000002,0.8100000000000002,2.8,0.1,-4.343999999999999,-4.343999999999999,-4.343999999999999,,1.2,0.06,,-7.3437,-7.3437,-7.3437
NOV-6,9.38,,2.8000000000000003,0.8100000000000003,0.25285714285714284,1.6428571428571426,0.09999999999999999,-3.204285714285714,-3.204285714285714,-3.204285714285714,,1.2,0.06,,-7.343699999999999,-7.343699999999999,-7.343699999999999
NOV-13,9.38,,2.8000000000000003,0.8100000000000003,0.16,1.4499999999999997,0.09999999999999999,-2.0885714285714285,-2.0885714285714285,-2.0885714285714285,,1.2,0.06,,-8.020671428571427,-8.020671428571427,-8.020671428571427
NOV-20,9.38,,2.8000000000000003,0.8100000000000003,0.16,1.4499999999999997,0.09999999999999999,-2.0228571428571427,-2.0228571428571427,-2.0228571428571427,,1.2,0.06,,-8.1335,-8.1335,-8.1335
NOV-27,9.38,,2.8,0.81,0.16,1.45,0.1,-2.1975,-2.1975,-2.1975,,1.2,0.06,,-8.303525,-8.303525,-8.303525
AVG,9.38,,2.8000000000000003,0.8100000000000002,0.29000000000000004,1.7199999999999998,0.09999999999999999,-2.7239999999999998,-2.7239999999999998,-2.7239999999999998,,1.2,0.05999999999999999,,-7.813923333333333,-7.813923333333333,-7.813923333333333
DEC-1,9.38,,2.7999999999999994,0.81,0.16,1.45,0.10000000000000002,-1.83,-1.83,-1.83,,1.2,0.06,,-8.3602,-8.3602,-8.3602
DEC-4,9.38,,2.8000000000000003,0.8100000000000003,0.16,1.4499999999999997,0.09999999999999999,-1.3557142857142856,-1.3557142857142856,-1.3557142857142856,,1.2,0.06,,-8.3602,-8.3602,-8.3602
DEC-11,9.38,,2.8000000000000003,0.8100000000000003,0.16,1.4499999999999997,0.09999999999999999,-0.6785714285714285,-0.6785714285714285,-0.6785714285714285,,1.2,0.06,,-7.695628571428571,-7.695628571428571,-7.695628571428571
DEC-18,9.38,,2.8000000000000003,0.8100000000000003,0.16,1.4499999999999997,0.09999999999999999,-0.7785714285714286,-0.7785714285714286,-0.7785714285714286,,1.2,0.06,,-7.4298,-7.4298,-7.4298
DEC-25,9.38,,2.8000000000000003,0.8100000000000003,0.16,1.4499999999999997,0.09999999999999999,-0.9500000000000001,-0.9500000000000001,-0.9500000000000001,,1.2,0.06,,-7.217914285714286,-7.217914285714286,-7.217914285714286
AVG,9.380000000000003,,2.8000000000000003,0.8100000000000002,0.16000000000000003,1.45,0.09999999999999999,-1.026774193548387,-1.026774193548387,-1.026774193548387,,1.2,0.06,,-7.742109677419355,-7.742109677419355,-7.742109677419355
2024,,,,,,,,,,,,,,,,,
JAN-1,9.38,,2.8000000000000003,0.8100000000000003,0.16,1.4499999999999997,0.09999999999999999,-3.1471428571428572,-3.1471428571428572,-3.1471428571428572,,1.2,0.06,,-7.1826,-7.1826,-7.1826
JAN-8,9.38,,2.8000000000000003,0.8100000000000003,0.16,1.4499999999999997,0.09999999999999999,-3.4185714285714295,-3.4185714285714295,-3.4185714285714295,,1.2,0.06,,-7.3713428571428565,-7.3713428571428565,-7.3713428571428565
JAN-15,9.38,,2.8000000000000003,0.8100000000000003,0.16,1.4499999999999997,0.09999999999999999,-3.987142857142857,-3.987142857142857,-3.987142857142857,,1.2,0.06,,-7.4028,-7.4028,-7.4028
JAN-22,9.38,,2.8000000000000003,0.8100000000000003,0.16,1.4499999999999997,0.09999999999999999,-3.68,-3.68,-3.68,,1.2,0.06,,-5.627228571428572,-5.627228571428572,-5.627228571428572
JAN-29,9.38,,2.7999999999999994,0.81,0.16,1.45,0.10000000000000002,-4.246666666666666,-4.246666666666666,-4.246666666666666,,1.2,0.06,,-5.3313,-5.3313,-5.3313
AVG,9.38,,2.8000000000000003,0.8100000000000002,0.16000000000000003,1.45,0.09999999999999999,-3.6248387096774195,-3.6248387096774195,-3.6248387096774195,,1.2000000000000002,0.06,,-6.744570967741936,-6.744570967741936,-6.744570967741936
FEB-1,8.63,,2.05,0.21,0.16,0.7,0.1,-4.62,-4.62,-4.62,,1.2,0.06,,-5.3313,-5.3313,-5.3313
FEB-5,9.30857142857143,,2.6142857142857143,0.6385714285714287,0.16,1.2642857142857142,0.09999999999999999,-4.308571428571428,-4.308571428571428,-4.308571428571428,,1.2,0.06,,-4.4022428571428565,-4.4022428571428565,-4.4022428571428565
FEB-12,9.38,,2.4,0.41000000000000003,0.16,1.05,0.09999999999999999,-4.9871428571428575,-4.9871428571428575,-4.9871428571428575,,1.2,0.06,,-4.2474,-4.2474,-4.2474
FEB-19,9.38,,2.5714285714285716,0.5814285714285715,0.16,1.2214285714285715,0.09999999999999999,-4.682857142857143,-4.682857142857143,-4.682857142857143,,1.2,0.06,,-5.355428571428571,-5.355428571428571,-5.355428571428571
FEB-26,9.38,,2.8,0.81,0.16,1.45,0.1,-4.262499999999999,-4.262499999999999,-4.262499999999999,,1.2,0.06,,-5.5401,-5.5401,-5.5401
AVG,9.259310344827588,,2.5,0.5341379310344828,0.15999999999999998,1.1500000000000001,0.09999999999999999,-4.599310344827586,-4.599310344827586,-4.599310344827586,,1.2,0.05999999999999999,,-4.880037931034482,-4.880037931034482,-4.880037931034482
MAR-1,9.38,,2.7999999999999994,0.81,0.16,1.45,0.10000000000000002,-4,-4,-4,,1.2,0.06,,-5.5401,-5.5401,-5.5401
MAR-4,9.38,,2.8000000000000003,0.8100000000000003,0.16,1.6214285714285714,0.09999999999999999,-3.7,-3.7,-3.7,,1.2,0.06,,-6.100671428571428,-6.100671428571428,-6.100671428571428
MAR-11,9.38,,2.8000000000000003,0.8100000000000003,0.16,1.75,0.09999999999999999,-3.4642857142857144,-3.4642857142857144,-3.4642857142857144,,1.2,0.06,,-6.1941,-6.1941,-6.1941
MAR-18,9.38,,2.8000000000000003,0.8100000000000003,0.16,1.75,0.09999999999999999,-4.35,-4.35,-4.35,,1.2,0.06,,-5.138614285714285,-5.138614285714285,-5.138614285714285
MAR-25,9.38,,2.8000000000000003,0.8100000000000003,0.16,1.75,0.09999999999999999,-4.444285714285715,-4.444285714285715,-4.444285714285715,,1.2,0.06,,-4.962699999999999,-4.962699999999999,-4.962699999999999
AVG,9.380000000000003,,2.8000000000000003,0.8100000000000002,0.16000000000000003,1.691935483870968,0.09999999999999999,-3.990645161290322,-3.990645161290322,-3.990645161290322,,1.2,0.06,,-5.59331935483871,-5.59331935483871,-5.59331935483871
APR-1,9.38,,2.8000000000000003,0.8100000000000003,0.16,1.75,0.09999999999999999,-4.4557142857142855,-4.4557142857142855,-4.427142857142857,,1.2,0.06,,-5.451700000000001,-5.451700000000001,-5.451700000000001
APR-8,9.38,,2.8000000000000003,0.8100000000000003,0.16,1.75,0.09999999999999999,-4.7700000000000005,-4.7700000000000005,-4.741428571428571,,1.2,0.06,,-5.5332,-5.5332,-5.5332
APR-15,9.38,,2.8000000000000003,0.8100000000000003,0.16,1.75,0.09999999999999999,-4.7700000000000005,-4.7700000000000005,-4.7700000000000005,,1.2,0.06,,-5.374114285714286,-5.374114285714286,-5.374114285714286
APR-22,9.38,,2.8000000000000003,0.8100000000000003,0.16,2.1785714285714284,0.09999999999999999,-4.247142857142857,-4.247142857142857,-4.247142857142857,,1.2,0.06,,-5.2548,-5.2548,-5.2548
APR-29,9.38,,2.8,0.81,0.16,2.25,0.1,-4.16,-4.16,-4.16,,1.2,0.06,,-5.08445,-5.08445,-5.08445
AVG,9.38,,2.8,0.8100000000000003,0.16000000000000003,1.8833333333333333,0.1,-4.534000000000001,-4.534000000000001,-4.520666666666667,,1.2,0.05999999999999999,,-5.382186666666668,-5.382186666666668,-5.382186666666668
MAY-1,9.459999999999999,,2.88,0.89,0.24,2.55,0.1,-3.928,,-3.928,,1.2,0.06,,-4.9141,-4.9141,-4.9141
MAY-6,9.80857142857143,,3.228571428571428,1.2385714285714287,0.5885714285714286,3.228571428571428,0.09999999999999999,-3.008571428571429,,-3.008571428571429,,1.2,0.06,,-4.9141,-4.9141,-4.9141
MAY-13,9.980000000000002,,3.3999999999999995,1.41,0.7599999999999999,3.3999999999999995,0.09999999999999999,-2.3057142857142856,,-2.3057142857142856,,1.2,0.06,,-4.267042857142856,-4.267042857142856,-4.267042857142856
MAY-20,9.980000000000002,,3.3999999999999995,1.41,0.7599999999999999,3.3999999999999995,0.09999999999999999,-1.7857142857142858,,-1.7857142857142858,,1.2,0.06,,-4.159199999999999,-4.159199999999999,-4.159199999999999
MAY-27,9.98,,3.4,1.41,0.76,3.4,0.1,-1.4,,-1.4,,1.2,0.06,,-3.9943199999999996,-3.9943199999999996,-3.9943199999999996
AVG,9.857419354838711,,3.2774193548387096,1.2874193548387096,0.6374193548387097,3.2241935483870963,0.09999999999999999,-2.4625806451612906,,-2.4625806451612906,,1.2000000000000002,0.06,,-4.449177419354839,-4.449177419354839,-4.449177419354839
JUN-1,9.98,,3.4,1.41,0.76,3.4,,-1.4,,-1.4,,,0.06,,-3.9531,-3.9531,-3.9531
JUN-3,9.980000000000002,,3.3999999999999995,1.41,0.7599999999999999,3.3999999999999995,,-0.6428571428571429,,-0.6428571428571429,,,0.06,,-3.9530999999999996,-3.9530999999999996,-3.9530999999999996
JUN-10,9.980000000000002,,3.3999999999999995,1.41,0.7599999999999999,3.3999999999999995,,-0.7714285714285715,,-0.7714285714285715,,,0.06,,-4.634185714285715,-4.634185714285715,-4.634185714285715
JUN-17,9.980000000000002,,3.3999999999999995,1.41,0.7599999999999999,3.3999999999999995,,-1.5485714285714283,,-1.5485714285714283,,,0.06,,-4.747700000000001,-4.747700000000001,-4.747700000000001
JUN-24,9.980000000000002,,3.3999999999999995,1.41,0.7599999999999999,3.3999999999999995,,-2.178571428571429,,-2.178571428571429,,,0.06,,-4.460814285714286,-4.460814285714286,-4.460814285714286
AVG,9.980000000000002,,3.3999999999999995,1.41,0.76,3.3999999999999995,,-1.293,,-1.293,,,0.05999999999999999,,-4.415893333333334,-4.415893333333334,-4.415893333333334
JUL-1,9.980000000000002,,3.3999999999999995,1.41,0.7599999999999999,3.3999999999999995,,-2.39,,-2.39,,,0.06,,-4.413,-4.413,-4.413
JUL-8,10.151428571428571,,3.5714285714285707,1.5814285714285714,0.9314285714285716,3.5714285714285707,,-2.0100000000000002,,-2.0100000000000002,,,0.06,,-4.733914285714285,-4.733914285714285,-4.733914285714285
JUL-15,10.28,,3.6999999999999997,1.7100000000000004,1.0600000000000003,3.6999999999999997,,-1.3457142857142859,,-1.3457142857142859,,,0.06,,-4.787399999999999,-4.787399999999999,-4.787399999999999
JUL-22,10.28,,3.6999999999999997,1.7100000000000004,1.0600000000000003,3.6999999999999997,,-1.0600000000000003,,-1.0600000000000003,,,0.06,,-4.3534,-4.3534,-4.3534
JUL-29,10.28,,3.7000000000000006,1.71,1.06,3.7000000000000006,,-0.9733333333333333,,-0.9733333333333333,,,0.06,,-4.1798,-4.1798,-4.1798
AVG,10.183225806451611,,3.6032258064516127,1.6132258064516127,0.963225806451613,3.6032258064516127,0,-1.6309677419354842,,-1.6309677419354842,0,0,0.06,0,-4.533980645161289,-4.533980645161289,-4.533980645161289
AUG-1,10.28,,3.7,1.71,1.06,3.7,,-0.4,,-0.4,,,0.06,,-4.1798,-4.1798,-4.1798
AUG-5,10.637142857142857,,4.057142857142857,2.0671428571428576,1.4171428571428575,4.057142857142857,,0.4142857142857143,,0.4142857142857143,,,0.06,,-4.209200000000001,-4.209200000000001,-4.209200000000001
AUG-12,10.494285714285713,,3.914285714285714,1.9242857142857146,1.2742857142857145,3.914285714285714,,0.3971428571428572,,0.3971428571428572,,,0.06,,-4.214100000000001,-4.214100000000001,-4.214100000000001
AUG-19,10.508571428571429,,3.9285714285714284,1.9385714285714284,1.2885714285714285,3.9285714285714284,,1.1085714285714288,,1.1085714285714288,,,0.06,,-3.953271428571429,-3.953271428571429,-3.953271428571429
AUG-26,10.68,,4.1000000000000005,2.11,1.46,4.1000000000000005,,1.6566666666666665,,1.6566666666666665,,,0.06,,-3.9098,-3.9098,-3.9098
AVG,10.538064516129031,,3.9580645161290318,1.9680645161290324,1.3180645161290325,3.9580645161290318,0,0.7025806451612904,,0.7025806451612904,0,0,0.06,0,-4.090774193548388,-4.090774193548388,-4.090774193548388
SEP-1,10.68,,4.1,2.11,1.46,4.1,,2.06,,2.06,,,0.06,,-3.9098,-3.9098,-3.9098
SEP-2,10.679999999999998,,4.328571428571428,2.338571428571428,1.4599999999999997,4.328571428571428,,2.2600000000000002,,2.2600000000000002,,,0.06,,-4.069057142857143,-4.069057142857143,-4.069057142857143
SEP-9,10.679999999999998,,4.8999999999999995,2.91,1.4599999999999997,4.8999999999999995,,3.1757142857142857,,3.1757142857142857,,,0.06,,-4.0956,-4.0956,-4.0956
SEP-16,10.679999999999998,,4.814285714285715,2.8242857142857143,1.374285714285714,4.814285714285715,,3.475714285714286,,3.475714285714286,,,0.06,,-3.9019714285714286,-3.9019714285714286,-3.9019714285714286
SEP-23,10.679999999999998,,4.6000000000000005,2.61,1.16,4.6000000000000005,,3.2699999999999996,,3.2699999999999996,,,0.06,,-3.869700000000001,-3.869700000000001,-3.869700000000001
SEP-30,10.68,,4.6,2.61,1.16,4.6,,3.47,,3.47,,,0.06,,-3.8697,-3.8697,-3.8697
AVG,10.68,,4.64,2.6499999999999995,1.3599999999999997,4.64,0,3.0266666666666664,,3.0266666666666664,0,0,0.05999999999999999,0,-3.977793333333333,-3.977793333333333,-3.977793333333333
OCT-1,10.68,,4.6000000000000005,2.61,1.16,4.6000000000000005,,3.26,,3.26,,,0.06,,-3.6842,-3.6842,-3.6842
OCT-7,10.679999999999998,,4.6000000000000005,2.61,1.16,4.6000000000000005,,1.912857142857143,,1.912857142857143,,,0.06,,-3.6842,-3.6842,-3.6842
OCT-14,10.679999999999998,,4.6000000000000005,2.61,1.16,4.6000000000000005,,2.0799999999999996,,2.0799999999999996,,,0.06,,-4.312842857142857,-4.312842857142857,-4.312842857142857
OCT-21,10.679999999999998,,4.6000000000000005,2.61,1.16,4.6000000000000005,,2.365714285714286,,2.365714285714286,,,0.06,,-4.5643,-4.5643,-4.5643
OCT-28,10.68,,4.6,2.61,1.16,4.6,,1.8099999999999998,,1.8099999999999998,,,0.06,,-4.624675,-4.624675,-4.624675
AVG,10.679999999999998,,4.6,2.61,1.1599999999999997,4.6,0,2.300322580645161,,2.300322580645161,0,0,0.06,0,-4.146235483870968,-4.146235483870968,-4.146235483870968
NOV-1,10.68,,4.6,2.61,1.16,4.6,,1.72,,1.72,,,0.06,,-4.6448,-4.6448,-4.6448
NOV-4,10.679999999999998,,4.6000000000000005,2.61,1.16,4.6000000000000005,,1.1128571428571428,,1.1128571428571428,,,0.06,,-4.644799999999999,-4.644799999999999,-4.644799999999999
NOV-11,10.679999999999998,,4.6000000000000005,2.61,1.16,4.6000000000000005,,1.002857142857143,,1.002857142857143,,,0.06,,-4.735142857142857,-4.735142857142857,-4.735142857142857
NOV-18,10.679999999999998,,4.6000000000000005,2.61,1.16,4.6000000000000005,,1.18,,1.18,,,0.06,,-4.7502,-4.7502,-4.7502
NOV-25,10.68,,4.6000000000000005,2.61,1.16,4.6000000000000005,,1.3,,1.18,,,0.06,,-4.8337,-4.8337,-4.8337
AVG,10.679999999999998,,4.6,2.61,1.16,4.6,0,1.201,,1.1769999999999998,0,0,0.05999999999999999,0,-4.728253333333333,-4.728253333333333,-4.728253333333333
DEC-1,10.68,,4.6,2.61,1.16,4.6,,1.54,,1.18,,,0.06,,-4.8504,-4.8504,-4.8504
DEC-2,10.679999999999998,,4.6000000000000005,2.61,1.16,4.6000000000000005,,1.874285714285714,,1.18,,,0.06,,-4.8504,-4.8504,-4.8504
DEC-9,10.679999999999998,,4.6000000000000005,2.61,1.16,4.6000000000000005,,2.1357142857142857,,2.0285714285714285,,,0.06,,-4.860771428571428,-4.860771428571428,-4.860771428571428
DEC-16,10.679999999999998,,4.6000000000000005,2.61,1.16,4.6000000000000005,,1.522857142857143,,1.522857142857143,,,0.06,,-4.8625,-4.8625,-4.8625
DEC-23,10.679999999999998,,4.6000000000000005,2.61,1.16,4.6000000000000005,,1.4085714285714286,,1.4085714285714286,,,0.06,,-4.521871428571428,-4.521871428571428,-4.521871428571428
DEC-30,10.68,,4.6,2.61,1.16,4.6,,1.53,,1.53,,,0.06,,-4.4651,-4.4651,-4.4651
AVG,10.68,,4.6,2.61,1.1599999999999997,4.6,0,1.7158064516129032,,1.5232258064516129,0,0,0.06,0,-4.756432258064515,-4.756432258064515,-4.756432258064515
2025,,,,,,,,,,,,,,,,,
JAN-1,10.68,,4.6,2.61,1.16,4.6,,1.282,,1.282,,,0.06,,-4.4651,-4.4651,-4.4651
JAN-6,10.679999999999998,,4.6000000000000005,2.61,1.16,4.6000000000000005,,0.7385714285714285,,0.7385714285714285,,,0.06,,-4.5826142857142855,-4.5826142857142855,-4.5826142857142855
JAN-13,10.679999999999998,,4.6000000000000005,2.61,1.16,4.6000000000000005,,-0.21142857142857144,,-0.21142857142857144,,,0.06,,-4.602200000000001,-4.602200000000001,-4.602200000000001
JAN-20,10.679999999999998,,4.6000000000000005,2.61,1.16,4.6000000000000005,,-0.24285714285714283,,-0.24285714285714283,,,0.06,,-4.964599999999999,-4.964599999999999,-4.964599999999999
JAN-27,10.68,,4.6,2.61,1.16,4.6,,0.466,,0.466,,,0.06,,-5.025,-5.025,-5.025
AVG,10.679999999999998,,4.6000000000000005,2.61,1.1599999999999997,4.6000000000000005,0,0.3461290322580645,,0.3461290322580645,0,0,0.06,0,-4.725690322580645,-4.725690322580645,-4.725690322580645
FEB-1,10.68,,4.6,2.61,1.16,4.6,,0.71,,,,,0.06,,-5.025,-5.025,-5.025
FEB-3,10.679999999999998,,4.6000000000000005,2.61,1.16,4.6000000000000005,,0.8557142857142856,,,,,0.06,,-4.389257142857143,-4.389257142857143,-4.389257142857143
FEB-10,10.679999999999998,,4.6000000000000005,2.61,1.16,4.6000000000000005,,0.8357142857142856,,,,,0.06,,-4.2833,-4.2833,-4.2833
FEB-17,10.679999999999998,,4.6000000000000005,2.61,1.16,4.6000000000000005,,0.9528571428571428,,,,,0.06,,-3.5649285714285712,-3.5649285714285712,-3.5649285714285712
FEB-24,10.68,,4.6,2.61,1.16,4.6,,1.176,,,,,0.06,,-3.4452,-3.4452,-3.4452
AVG,10.679999999999998,,4.6000000000000005,2.61,1.16,4.6000000000000005,0,0.9217857142857142,,,0,0,0.06,0,-4.033514285714285,-4.033514285714285,-4.033514285714285
MAR-1,10.68,,4.6,2.61,1.16,4.6,,1.79,,,,,0.06,,-3.4452,-3.4452,-3.4452
MAR-3,10.679999999999998,,4.6000000000000005,2.61,1.16,4.6000000000000005,,2.1785714285714284,,,,,0.06,,-2.5656000000000003,-2.5656000000000003,-2.5656000000000003
MAR-10,10.679999999999998,,4.6000000000000005,2.61,1.16,4.6000000000000005,,2.6699999999999995,,,,,0.06,,-2.419,-2.419,-2.419
MAR-17,10.679999999999998,,4.6000000000000005,2.61,1.16,4.6000000000000005,,2.7985714285714285,,,,,0.06,,-2.1860285714285714,-2.1860285714285714,-2.1860285714285714
MAR-24,10.478571428571428,,4.072857142857143,2.3314285714285714,1.374285714285714,4.072857142857143,,2.4257142857142857,,,,,0.06,,-2.1472,-2.1472,-2.1472
MAR-31,10.21,,3.37,1.96,1.66,3.37,,2,,,,,0.06,,-2.1472,-2.1472,-2.1472
AVG,10.619354838709677,,4.441290322580645,2.5261290322580643,1.224516129032258,4.441290322580645,0,2.454516129032258,,,0,0,0.06,0,-2.3955612903225805,-2.3955612903225805,-2.3955612903225805
APR-1,9.96,,3.1200000000000006,1.8299999999999998,2.13,3.1200000000000006,,1.5499999999999998,,,,,0.06,,-3.1048000000000004,-3.1048000000000004,-3.1048000000000004
APR-7,10.281428571428572,,3.744285714285714,2.2714285714285714,3.1714285714285717,3.744285714285714,,2.542857142857143,,,,,0.06,,-3.1048000000000004,-3.1048000000000004,-3.1048000000000004
APR-14,10.709999999999999,,4.3999999999999995,2.6999999999999997,3.6000000000000005,4.3999999999999995,,3.3000000000000003,,,,,0.06,,-2.7304428571428576,-2.7304428571428576,-2.7304428571428576
APR-21,10.709999999999999,,4.228571428571429,2.528571428571429,3.6000000000000005,4.228571428571429,,3.1285714285714277,,,,,0.06,,-2.2313000000000005,-2.2313000000000005,-2.2313000000000005
APR-8,10.71,,4,2.3,3.6,4,,2.9,,,,,0.06,,-2.3003,-2.3003,-2.3003
AVG,10.46,,3.9110000000000005,2.3459999999999996,3.2060000000000004,3.9110000000000005,0,2.6933333333333334,,,0,0,0.05999999999999999,0,-2.733183333333334,-2.733183333333334,-2.733183333333334
MAY-1,10.71,,4.300000000000001,2.6,3.6,4.300000000000001,,3.29,,,,,0.06,,-2.3348,-2.3348,-2.3348
MAY-5,10.56,,3.8999999999999995,2.485714285714286,3.6000000000000005,3.8999999999999995,,3.12,,,,,0.06,,-2.3348,-2.3348,-2.3348
MAY-12,10.099999999999998,,3.3000000000000003,2.0571428571428574,3.6000000000000005,3.3000000000000003,,2.657142857142857,,,,,0.06,,-2.145514285714286,-2.145514285714286,-2.145514285714286
MAY-19,9.799999999999999,,3,1.8000000000000003,3.6000000000000005,3,,2.542857142857143,,,,,0.06,,-2.0698000000000003,-2.0698000000000003,-2.0698000000000003
MAY-26,9.799999999999999,,3,1.8,3.6,3,,2.9,,,,,0.06,,-2.4464666666666663,-2.4464666666666663,-2.4464666666666663
AVG,10.156774193548385,,3.4387096774193546,2.1161290322580646,3.6000000000000005,3.4387096774193546,0,2.8645161290322574,,,0,0,0.06,0,-2.253832258064516,-2.253832258064516,-2.253832258064516
JUN-1,9.8,,3,1.8,3.6,3,,2.9,,,,,0.06,,-2.5218,-2.5218,-2.5218
JUN-2,9.799999999999999,,3,1.8000000000000003,3.6000000000000005,3,,2.8999999999999995,,,,,0.06,,-2.5217999999999994,-2.5217999999999994,-2.5217999999999994
JUN-9,9.799999999999999,,3,1.8000000000000003,3.6000000000000005,3,,2.542857142857143,,,,,0.06,,-2.2597714285714288,-2.2597714285714288,-2.2597714285714288
JUN-16,9.285714285714286,,2.485714285714286,1.3714285714285717,3.6000000000000005,2.485714285714286,,0.7857142857142858,,,,,0.06,,-2.2161000000000004,-2.2161000000000004,-2.2161000000000004
JUN-23,9.200000000000001,,2.6142857142857143,1.5142857142857145,3.6000000000000005,2.6142857142857143,,0.46428571428571436,,,,,0.06,,-1.8686142857142858,-1.8686142857142858,-1.8686142857142858
JUN-30,9.2,,2.9,1.8,3.6,2.9,,1.35,,,,,0.06,,-1.8107,-1.8107,-1.8107
AVG,9.52,,2.786666666666667,1.6333333333333335,3.6000000000000005,2.786666666666667,0,1.7033333333333334,,,0,0,0.05999999999999999,0,-2.213216666666667,-2.213216666666667,-2.213216666666667
JUL-1,9.466666666666667,,3.1666666666666665,2.0666666666666664,3.6,3.1666666666666665,,1.3499999999999999,,,,,0.06,,-1.8107,-1.8107,-1.8107
JUL-7,9.6,,3.085714285714286,1.985714285714286,3.6000000000000005,3.085714285714286,,1.0285714285714287,,,,,0.06,,-2.0063,-2.0063,-2.0063
JUL-14,9.6,,3,1.9000000000000001,3.6000000000000005,3,,0.9000000000000001,,,,,0.06,,-2.0389,-2.0389,-2.0389
JUL-21,9.6,,3,1.9000000000000001,3.6000000000000005,3,,0.4714285714285714,,,,,0.06,,-1.8594142857142855,-1.8594142857142855,-1.8594142857142855
JUL-28,9.6,,3,1.9,3.6,3,,0.4,,,,,0.06,,-1.8295,-1.8295,-1.8295
AVG,9.574193548387095,,3.051612903225806,1.9516129032258067,3.6,3.051612903225806,0,0.8548387096774195,,,0,0,0.06,0,-1.9198225806451612,-1.9198225806451612,-1.9198225806451612
AUG-1,9.6,,3,1.8999999999999997,3.6,3,,0.23333333333333336,,,,,0.06,,-1.8295000000000001,-1.8295000000000001,-1.8295000000000001
AUG-4,9.6,,3,1.9000000000000001,3.6000000000000005,3,,0.8428571428571429,,,,,0.06,,-0.11221428571428575,-0.11221428571428575,-0.11221428571428575
AUG-11,9.6,,3,1.9000000000000001,3.6000000000000005,3,,1.6142857142857143,,,,,0.06,,0.17399999999999996,0.17399999999999996,0.17399999999999996
AUG-18,9.6,,3,1.9000000000000001,3.6000000000000005,3,,1.9000000000000001,,,,,0.06,,-0.13799999999999998,-0.13799999999999998,-0.13799999999999998
AUG-25,9.6,,3,1.9000000000000001,3.6000000000000005,3,,1.4714285714285715,,,,,0.06,,-0.18999999999999997,-0.18999999999999997,-0.18999999999999997
AVG,9.6,,3,1.8999999999999997,3.6,3,0,1.3387096774193548,,,0,0,0.06,0,-0.23716129032258068,-0.23716129032258068,-0.23716129032258068
,,,,,,,,,,,,,,,,,
หมายเหตุ : * วันที่ 18 มี.ค. 56 ยกเลิกโครงสร้าง UGR91,,,,,,,,,,,,,,,,,
"              ** วันที่ 1 ต.ค. 63 เปลี่ยนชื่อจาก HSD เป็น HSD (B7) และ HSD (B10) เป็น HSD ",,,,,,,,,,,,,,,,,
"             *** วันที่ 1 พ.ค. 67 ยกเลิกการจำหน่าย HSD ",,,,,,,,,,,,,,,,,
